code,product_name,brands,categories,categories_tags,countries,countries_tags,nutriscore_grade,nova_group,last_modified_t,energy-kcal_100g,energy_100g,fat_100g,saturated-fat_100g,sugars_100g,salt_100g,proteins_100g,fiber_100g,sodium_100g,product_name_pref,last_modified_ts,has_name,has_brands,core_nutrients_count,completeness_score
00000005,,,,,en:france,en:france,,,1767072233,,,,,,,,,,,2025-12-30T05:23:53.000Z,0,0,0,0.0
00000021,Inulin Prebiotic Fiber,it's just!,,,en:france,en:france,unknown,,1750851740,,,,,,,,,,Inulin Prebiotic Fiber,2025-06-25T11:42:20.000Z,1,1,0,0.2857142857142857
00000040,scourban Plus 100 ml,amazing grass,,,en:ireland,en:ireland,unknown,,1745075931,30.0,126.0,,,,,2.0,3.0,,scourban Plus 100 ml,2025-04-19T15:18:51.000Z,1,1,2,0.5714285714285714
00000047,Confirure de fruits rouges,nature's bounty,,,en:fr,en:france,unknown,,1749070042,,,,,,,,,,Confirure de fruits rouges,2025-06-04T20:47:22.000Z,1,1,0,0.2857142857142857
00000057,Wonderful pistachios,wonderful,nuts,"en:plant-based-foods-and-beverages,en:plant-based-foods,en:nuts-and-their-products,en:nuts",en:france,en:france,unknown,,1743472433,,,,,,,,,,Wonderful pistachios,2025-04-01T01:53:53.000Z,1,1,0,0.2857142857142857
00000075,,,,,en:united kingdom,en:united-kingdom,unknown,4,1750938448,,,,,,,,,,,2025-06-26T11:47:28.000Z,0,0,0,0.0
00000076,Gammon steaks,tesco,,,en:united kingdom,en:united-kingdom,unknown,,1728034874,,,,,,,,,,Gammon steaks,2024-10-04T09:41:14.000Z,1,1,0,0.2857142857142857
00000087,leite egua,piraque,ayurvedic herb,en:ayurvedic-herb,brasil,en:brazil,unknown,,1741442319,,,,,,,,,,leite egua,2025-03-08T13:58:39.000Z,1,1,0,0.2857142857142857
00000109,Vegan 3k proetin,nutri,"beverages and beverages preparations, beverages, dietary supplements, bodybuilding supplements, protein powders","en:beverages-and-beverages-preparations,en:beverages,en:dietary-supplements,en:bodybuilding-supplements,en:protein-powders",de,en:germany,not-applicable,,1749575671,367.0,1530.0,2.67,0.0,0.0,0.0,80.0,,0.0,Vegan 3k proetin,2025-06-10T17:14:31.000Z,1,1,5,1.0
00000122,High protein iced coffee  latte macchiato,herbalife,,,stati uniti d'america,en:united-states,unknown,,1728036680,364.0,1523.0,4.59999990463257,2.29999995231628,3.20000004768372,,68.0,2.29999995231628,,High protein iced coffee  latte macchiato,2024-10-04T10:11:20.000Z,1,1,4,0.8571428571428571
00000128,Il caff√® del benessere,evo nutrition & health ltd.,"dietary supplements, food supplement","en:dietary-supplements,en:food-supplement",uk,en:united-kingdom,not-applicable,4,1741298074,,,,,,,,,,Il caff√® del benessere,2025-03-06T21:54:34.000Z,1,1,0,0.2857142857142857
00000135,Veganes Protein Schoko,volksshake,"nahrungserg√§nzungsmittel, nahrungserg√§nzungen f√ºr bodybuilder, proteinpulver","en:dietary-supplements,en:bodybuilding-supplements,en:protein-powders",en:germany,en:germany,not-applicable,,1728035034,354.0,1481.0,6.0,0.3,0.2,0.8,69.8,,0.32,Veganes Protein Schoko,2024-10-04T09:43:54.000Z,1,1,5,1.0
00000152,Pure Creatine Monohydrate,german elite nutrition,"stevia sweetener,erythritol","en:sweeteners,en:food-additives,en:sugar-substitutes,en:artificial-sugar-substitutes,en:erythritol,en:stevia-sweetener",united kingdom,en:united-kingdom,not-applicable,4,1743337897,,,,,,,,,,Pure Creatine Monohydrate,2025-03-30T12:31:37.000Z,1,1,0,0.2857142857142857
00000183,Chaga Tea,lake baikal,en:teas,"en:beverages-and-beverages-preparations,en:plant-based-foods-and-beverages,en:beverages,en:hot-beverages,en:plant-based-beverages,en:teas",en:romania,en:romania,unknown,,1751504258,,,,,,,,,,Chaga Tea,2025-07-03T00:57:38.000Z,1,1,0,0.2857142857142857
00000199,Dibs Crunch Ice Cream Bits,nestl√©,ice cream,"en:desserts,en:frozen-foods,en:frozen-desserts,en:ice-creams-and-sorbets,en:ice-creams",en:france,en:france,unknown,,1731625838,367.0,1536.0,2.7,1.0,1.2,,85.4,,,Dibs Crunch Ice Cream Bits,2024-11-14T23:10:38.000Z,1,1,4,0.8571428571428571
00000200,Bitter Raw Apricot Seeds,miracle farming,health,en:health,"vereinigte staaten von amerika, germany","en:germany,en:united-states",unknown,,1749546080,,,,,,,,,,Bitter Raw Apricot Seeds,2025-06-10T09:01:20.000Z,1,1,0,0.2857142857142857
00000229,Vanilla Grass-fed Whey Protein Isolate,opportuniteas,"dietary supplements, bodybuilding supplements, protein powders","en:dietary-supplements,en:bodybuilding-supplements,en:protein-powders",en:ireland,en:ireland,not-applicable,4,1744761642,400.0,1670.0,0.0,0.0,23.3,1.12,73.3,0.0,0.45,Vanilla Grass-fed Whey Protein Isolate,2025-04-16T00:00:42.000Z,1,1,5,1.0
00000258,"Protein Bar, Almond and Chocolate",live conscious,"botanas, snacks dulces, barritas, suplementos diet√©ticos, suplementos de culturismo, barritas de prote√≠nas","en:snacks,en:sweet-snacks,en:bars,en:dietary-supplements,en:bodybuilding-supplements,en:protein-bars","france,espagne","en:france,en:spain",not-applicable,,1745602280,337.0,1400.0,,45.2,,1.2,86.5,11.5,0.481,"Protein Bar, Almond and Chocolate",2025-04-25T17:31:20.000Z,1,1,5,1.0
00000261,Prebiotic Fiber Gummies,lifeable kids,"snacks, sweet snacks, confectioneries, dietary supplements","en:snacks,en:sweet-snacks,en:confectioneries,en:dietary-supplements",united states,en:united-states,unknown,4,1728035295,,,,,,,,,,Prebiotic Fiber Gummies,2024-10-04T09:48:15.000Z,1,1,0,0.2857142857142857
00000276,Protine al Barbeque,yuve,,,en:ireland,en:ireland,unknown,,1728035316,408.2,1708.0,13.9,1.9,5.1,2.0,20.0,9.5,0.8,Protine al Barbeque,2024-10-04T09:48:36.000Z,1,1,5,1.0
00000317,Sugar free butterscotch buttons,,,,en:ireland,en:ireland,unknown,,1728035402,35.0,146.0,,,,,,,,Sugar free butterscotch buttons,2024-10-04T09:50:02.000Z,1,0,1,0.2857142857142857
00000332,Jus Pomme Betterave menthe,,,,en:fr,en:france,unknown,,1735927309,,,,,,,,,,Jus Pomme Betterave menthe,2025-01-03T18:01:49.000Z,1,0,0,0.14285714285714285
00000367,Psyllium Husk Powder,health works,,,en:ireland,en:ireland,unknown,,1728035475,600.0,2510.0,,,,,,80.0,,Psyllium Husk Powder,2024-10-04T09:51:15.000Z,1,1,1,0.42857142857142855
00000368,Banana bread granola,amazin grace,,,en:ireland,en:ireland,unknown,,1728038008,140.0,586.0,5.0,0.5,5.0,,2.0,3.0,,Banana bread granola,2024-10-04T10:33:28.000Z,1,1,4,0.8571428571428571
00000369,Queso cabra,,,,en:es,en:spain,unknown,,1593449779,336.0,1406.0,27.7,16.6,0.12,1.9,19.7,,0.76,Queso cabra,2020-06-29T16:56:19.000Z,1,0,5,0.8571428571428571
00000379,Keto Nut Granola Blueberry Crunch,the nut bakery,,,en:ireland,en:ireland,unknown,,1728035489,150.0,628.0,13.0,,,,3.0,4.0,,Keto Nut Granola Blueberry Crunch,2024-10-04T09:51:29.000Z,1,1,3,0.7142857142857143
00000422,Ferradura frutos sanos,ferrer,,,en:es,en:spain,unknown,,1728035565,23.53,98.0,48.7,6.4,3.9,,23.2,,,Ferradura frutos sanos,2024-10-04T09:52:45.000Z,1,1,4,0.8571428571428571
00000455,100% Whey Isolate,scitec nutrition,"dietary supplements, bodybuilding supplements, protein powders","en:dietary-supplements,en:bodybuilding-supplements,en:protein-powders",en:ireland,en:ireland,unknown,,1728034831,348.0,1456.0,0.5,0.5,,,84.0,,,100% Whey Isolate,2024-10-04T09:40:31.000Z,1,1,3,0.7142857142857143
00000462,Creatine,leozmr,,,en:ireland,en:ireland,unknown,,1728035627,12.0,50.0,,,,,,,,Creatine,2024-10-04T09:53:47.000Z,1,1,1,0.42857142857142855
00000471,ISO whey zero,wellneum,"compl√©ments alimentaires, compl√©ments pour le bodybuilding, prot√©ines en poudre","en:dietary-supplements,en:bodybuilding-supplements,en:protein-powders",,,not-applicable,,1739586053,,,,,,,,,,ISO whey zero,2025-02-15T02:20:53.000Z,1,1,0,0.2857142857142857
00000486,Hydrolyzed Multi Collagen,doctir's recipes,collagen,en:collagen,en:united states,en:united-states,unknown,4,1737642756,,,,,,,,,,Hydrolyzed Multi Collagen,2025-01-23T14:32:36.000Z,1,1,0,0.2857142857142857
00000487,Pea protein,,,,en:ireland,en:ireland,unknown,,1746354604,331.0,1385.0,1.3,0.3,12.0,1.5575,59.0,3.2,0.623,Pea protein,2025-05-04T10:30:04.000Z,1,0,5,0.8571428571428571
00000488,Miel du Marais Poitevin,,"petit-d√©jeuners, produits √† tartiner, produits √† tartiner sucr√©s, produits de la ruche, produits d'√©levages, √©dulcorants, miels, miels fran√ßais","en:breakfasts,en:spreads,en:sweet-spreads,en:bee-products,en:farming-products,en:sweeteners,en:honeys,en:honeys-from-france",france,en:france,unknown,2,1728034744,,,,,,,,,,Miel du Marais Poitevin,2024-10-04T09:39:04.000Z,1,0,0,0.14285714285714285
00000504,Miel de For√™t,guy dirand,"breakfasts, spreads, sweet spreads, bee products, farming products, sweeteners, honeys, fr:miels-de-foret","en:breakfasts,en:spreads,en:sweet-spreads,en:bee-products,en:farming-products,en:sweeteners,en:honeys,en:forest-honeys",en:united states,en:united-states,,,1728655968,,,,,,,,,,Miel de For√™t,2024-10-11T14:12:48.000Z,1,1,0,0.2857142857142857
00000506,Grappa e pera Liqure,grappa,"getr√§nke und getr√§nkezubereitungen, getr√§nke","en:beverages-and-beverages-preparations,en:beverages",en:germany,en:germany,unknown,,1736858249,,,,,,,,,,Grappa e pera Liqure,2025-01-14T12:37:29.000Z,1,1,0,0.2857142857142857
00000514,Strawberry Shortcake,southern caf√©,,,us,en:united-states,unknown,,1744002326,420.0,1757.0,15.0,9.0,44.0,,4.0,,,Strawberry Shortcake,2025-04-07T05:05:26.000Z,1,1,4,0.8571428571428571
00000606,Cognac Walnusslik√∂r Johannes Berner,cognac,"getr√§nke und getr√§nkezubereitungen, getr√§nke","en:beverages-and-beverages-preparations,en:beverages",en:germany,en:germany,unknown,,1736859318,,,,,,,,,,Cognac Walnusslik√∂r Johannes Berner,2025-01-14T12:55:18.000Z,1,1,0,0.2857142857142857
00000624,Trim Fit,yu,,,en:ireland,en:ireland,unknown,,1728035848,375.0,1569.0,,,,,,50.0,,Trim Fit,2024-10-04T09:57:28.000Z,1,1,1,0.42857142857142855
00000634,colorante alimentario,la barraca,,,en:france,en:france,unknown,,1730518124,,,,,,,,,,colorante alimentario,2024-11-02T03:28:44.000Z,1,1,0,0.2857142857142857
00000635,Batard meergranen brood,lidl,broden,"en:plant-based-foods-and-beverages,en:plant-based-foods,en:cereals-and-potatoes,en:breads",en:ireland,en:ireland,a,4,1748156875,295.0,1242.0,6.7,0.7,0.8,0.9,14.1,5.3,0.36,Batard meergranen brood,2025-05-25T07:07:55.000Z,1,1,5,1.0
00000636,Ultra thin crust chicken bacon ranch pizza,sigmature select,"plant-based foods and beverages, plant-based foods, breakfasts, cereals and potatoes, cereals and their products, breakfast cereals, flakes, cereal flakes, rolled flakes, blend of rolled cereal flakes, frozen pizza","en:plant-based-foods-and-beverages,en:plant-based-foods,en:breakfasts,en:cereals-and-potatoes,en:cereals-and-their-products,en:frozen-foods,en:meals,en:breakfast-cereals,en:pizzas-pies-and-quiches,en:flakes,en:pizzas,en:cereal-flakes,en:rolled-flakes,en:frozen-pizzas-and-pies,en:blend-of-rolled-cereal-flakes,en:frozen-pizzas",belgium,en:belgium,a,3,1737270495,358.0,1498.0,3.5,0.6,0.9,0.01,13.0,14.2,0.004,Ultra thin crust chicken bacon ranch pizza,2025-01-19T07:08:15.000Z,1,1,5,1.0
00000661,Rostis au jambon fume,bofrost,,,en:ireland,en:ireland,unknown,,1728035883,168.0,703.0,7.0,1.0,0.600000023841858,,3.79999995231628,2.79999995231628,,Rostis au jambon fume,2024-10-04T09:58:03.000Z,1,1,4,0.8571428571428571
00000711,,,,,en:france,en:france,unknown,,1730017460,,,,,,,,,,,2024-10-27T08:24:20.000Z,0,0,0,0.0
00000808,Menthe poivr√©e,aroma zone,,,france,en:france,unknown,,1728036033,,,,,,,,,,Menthe poivr√©e,2024-10-04T10:00:33.000Z,1,1,0,0.2857142857142857
00000828,,,,,en:united states,en:united-states,unknown,,1728040606,,,,,,,,,,,2024-10-04T11:16:46.000Z,0,0,0,0.0
00000852,Bunby Tea Extrakt,,,,en:germany,en:germany,unknown,,1739402353,,,,,,,,,,Bunby Tea Extrakt,2025-02-12T23:19:13.000Z,1,0,0,0.14285714285714285
00000884,,,comida,es:comida,en:panama,en:panama,unknown,,1728040780,,,,,,,,,,,2024-10-04T11:19:40.000Z,0,0,0,0.0
00000953,Herbalife,herbalife,"produtos n√£o alimentares, controle de peso","en:non-food-products,pt:controle-de-peso",brasile,en:brazil,not-applicable,,1728040891,,,,,,,,,,Herbalife,2024-10-04T11:21:31.000Z,1,1,0,0.2857142857142857
00000978,,,,,en:oman,en:oman,unknown,,1728034906,,,,,,,,,,,2024-10-04T09:41:46.000Z,0,0,0,0.0
00000987,,,"aliments pour b√©b√©, plats principaux pour b√©b√©, assiettes pour b√©b√©","en:baby-foods,en:main-meals-for-babies,en:baby-dishes",polyn√©sie fran√ßaise,en:french-polynesia,,3,1728656017,228.0,954.0,10.8,7.3,5.5,0.0,0.0,0.0,0.0,,2024-10-11T14:13:37.000Z,0,0,5,0.7142857142857143
0000100000161,Diced Tomatoes in Juice,ingomar,,,world,en:world,unknown,,1728358934,,,,,,,,,,Diced Tomatoes in Juice,2024-10-08T03:42:14.000Z,1,1,0,0.2857142857142857
0000100000252,Verbandstuch Aluderm 73 x 220 cm,,,,en:germany,en:germany,unknown,,1760955949,,,,,,,,,,Verbandstuch Aluderm 73 x 220 cm,2025-10-20T10:25:49.000Z,1,0,0,0.14285714285714285
0000100000504,IQF Sliced Crimini Mushrooms,phillips gourmet,,,world,en:world,unknown,,1718833899,,,,,,,,,,IQF Sliced Crimini Mushrooms,2024-06-19T21:51:39.000Z,1,1,0,0.2857142857142857
0000100000574,Lamb Shanks,atkins ranch,,,world,en:world,unknown,,1728358930,,,,,,,,,,Lamb Shanks,2024-10-08T03:42:10.000Z,1,1,0,0.2857142857142857
0000100000608,Bone in lamb hindshanks,ovation,,,world,en:world,unknown,,1728358930,,,,,,,,,,Bone in lamb hindshanks,2024-10-08T03:42:10.000Z,1,1,0,0.2857142857142857
0000100000610,Bone in lamb loins,ovation,,,world,en:world,unknown,,1718833893,,,,,,,,,,Bone in lamb loins,2024-06-19T21:51:33.000Z,1,1,0,0.2857142857142857
0000100000611,Boneless lamb loins,ovation,,,world,en:world,unknown,,1728358931,,,,,,,,,,Boneless lamb loins,2024-10-08T03:42:11.000Z,1,1,0,0.2857142857142857
0000100000630,Boneless lamb loins,te kuiti,,,world,en:world,unknown,,1728358926,,,,,,,,,,Boneless lamb loins,2024-10-08T03:42:06.000Z,1,1,0,0.2857142857142857
0000100000635,Boneless lamb cuts,te kuiti,,,world,en:world,unknown,,1728358926,,,,,,,,,,Boneless lamb cuts,2024-10-08T03:42:06.000Z,1,1,0,0.2857142857142857
0000100000687,Oil Roasted Unsalted Cashews,caro nut,,,world,en:world,unknown,,1728358926,,,,,,,,,,Oil Roasted Unsalted Cashews,2024-10-08T03:42:06.000Z,1,1,0,0.2857142857142857
0000100000724,Ben's Pure Maple Cream,"ben's sugar shack, jeff de bruges",,,"en:fr, world","en:france,en:world",unknown,,1728358927,532.0,2226.0,30.28,19.3,37.72,0.27,5.68,,0.108,Ben's Pure Maple Cream,2024-10-08T03:42:07.000Z,1,1,5,1.0
00001005,,eigenproduktion,,,"ireland, germany","en:germany,en:ireland",unknown,,1728036299,,,,,,,,,,,2024-10-04T10:04:59.000Z,0,1,0,0.14285714285714285
00001010,,"eigenfertigung, eigenproduktion",,,"ireland, germany","en:germany,en:ireland",unknown,,1751757759,,,,,,,,,,,2025-07-05T23:22:39.000Z,0,1,0,0.14285714285714285
00001011,Fromage blanc fermier de ch√®vre au lait entier,,"produits laitiers, produits ferment√©s, desserts, produits laitiers ferment√©s, desserts lact√©s, desserts lact√©s ferment√©s, fromages blancs","en:dairies,en:fermented-foods,en:fermented-milk-products,en:desserts,en:dairy-desserts,en:fermented-dairy-desserts,fr:fromages-blancs",en:fr,en:france,unknown,,1728358005,,,,,,,,,,Fromage blanc fermier de ch√®vre au lait entier,2024-10-08T03:26:45.000Z,1,0,0,0.14285714285714285
00001012,,eigenproduktion,,,"ireland, germany","en:germany,en:ireland",unknown,,1752915593,,,,,,,,,,,2025-07-19T08:59:53.000Z,0,1,0,0.14285714285714285
0000101209159,V√©ritable p√¢te √† tartiner noisettes chocolat noir,bovetti,"petit-d√©jeuners,produits √† tartiner,produits √† tartiner sucr√©s,p√¢tes √† tartiner,p√¢tes √† tartiner aux noisettes,p√¢tes √† tartiner au chocolat,p√¢tes √† tartiner aux noisettes et au cacao","en:breakfasts,en:spreads,en:sweet-spreads,fr:pates-a-tartiner,en:hazelnut-spreads,en:chocolate-spreads,en:cocoa-and-hazelnuts-spreads",france,en:france,e,,1731601773,617.0,2582.0,48.0,10.0,32.0,0.01,8.0,,0.004,V√©ritable p√¢te √† tartiner noisettes chocolat noir,2024-11-14T16:29:33.000Z,1,1,5,1.0
0000101646267,Carrot,more,"plant-based foods and beverages,plant-based foods,fruits and vegetables based foods,vegetables based foods,fresh foods,fresh plant-based foods,fresh vegetables","en:plant-based-foods-and-beverages,en:plant-based-foods,en:fruits-and-vegetables-based-foods,en:vegetables-based-foods,en:fresh-foods,en:fresh-plant-based-foods,en:fresh-vegetables",india,en:india,a,1,1748640503,,,,,,,,,,Carrot,2025-05-30T21:28:23.000Z,1,1,0,0.2857142857142857
0000102041987,Poutargue de mulet sous vide,,mulet,"en:seafood,en:fishes-and-their-products,en:fishes,en:lean-fishes,en:mullet",france,en:france,unknown,,1747730481,,,,,,,,,,Poutargue de mulet sous vide,2025-05-20T08:41:21.000Z,1,0,0,0.14285714285714285
0000102081301,Coca cola,coca-cola,"boissons, boissons gazeuses, sodas, sodas au cola","en:beverages,en:carbonated-drinks,en:sodas,en:colas",france,en:france,c,,1728036270,42.0,176.0,27.0,0.0,1.0,0.0,0.0,0.0,0.0,Coca cola,2024-10-04T10:04:30.000Z,1,1,5,1.0
0000102102779,Saucisson sec au piment d'espelette,,"viandes et d√©riv√©s, viandes, charcuteries, saucissons, saucissons secs","en:meats-and-their-products,en:meats,en:prepared-meats,en:cured-sausages,en:dry-sausages",en:fr,en:france,e,,1728041494,400.0,1674.0,33.3,11.5,0.7,4.7,24.1,,1.88,Saucisson sec au piment d'espelette,2024-10-04T11:31:34.000Z,1,0,5,0.8571428571428571
0000102400257,Chorizo,,,,en:fr,en:france,unknown,,1728041501,434.0,1816.0,36.7,12.7,4.0,3.8,20.9,,1.52,Chorizo,2024-10-04T11:31:41.000Z,1,0,5,0.8571428571428571
0000103226535,Tranform Man,,,,en:es,en:spain,unknown,,1728041552,,,,,,,,,,Tranform Man,2024-10-04T11:32:32.000Z,1,0,0,0.14285714285714285
00001033,Inulin,vom achtergof,,,en:ireland,en:ireland,unknown,,1761387267,208.0,870.0,,,8.0,,,88.0,,Inulin,2025-10-25T10:14:27.000Z,1,1,2,0.5714285714285714
00001045,BIO GOLD-LEINSAMEN Geschrotet,goman as,,,en:germany,en:germany,unknown,,1733460012,,,,,,,,,,BIO GOLD-LEINSAMEN Geschrotet,2024-12-06T04:40:12.000Z,1,1,0,0.2857142857142857
0000105000356,"Lagg's, herbal tea, chamomile * mint",lagg's,"plant-based foods and beverages, beverages, hot beverages, plant-based beverages, teas, tea bags","en:plant-based-foods-and-beverages,en:beverages,en:hot-beverages,en:plant-based-beverages,en:teas,en:tea-bags",united states,en:united-states,unknown,,1587573118,0.0,0.0,0.0,,,0.0,0.0,,0.0,"Lagg's, herbal tea, chamomile * mint",2020-04-22T16:31:58.000Z,1,1,4,0.8571428571428571
0000105000417,"Lagg's, dieter's herbal tea",lagg's,"plant-based foods and beverages, beverages, hot beverages, plant-based beverages, teas, tea bags","en:plant-based-foods-and-beverages,en:beverages,en:hot-beverages,en:plant-based-beverages,en:teas,en:tea-bags",united states,en:united-states,b,1,1587573118,0.0,0.0,0.0,,,0.0,0.0,,0.0,"Lagg's, dieter's herbal tea",2020-04-22T16:31:58.000Z,1,1,4,0.8571428571428571
0000105753061,Oatmeal chocolate chip cookies,,,,en:us,en:united-states,unknown,,1629048015,,,,,,,,,,Oatmeal chocolate chip cookies,2021-08-15T17:20:15.000Z,1,0,0,0.14285714285714285
0000105753078,Bread,,"plant-based foods and beverages, plant-based foods, cereals and potatoes, breads","en:plant-based-foods-and-beverages,en:plant-based-foods,en:cereals-and-potatoes,en:breads",united states,en:united-states,unknown,3,1587675947,,,,,,,,,,Bread,2020-04-23T21:05:47.000Z,1,0,0,0.14285714285714285
00001065,boisson √† l'aloe vera,herbalife,"alimentos y bebidas de origen vegetal, bebidas, comidas preparadas, bebidas de origen vegetal, bebidas a base de frutas, suplementos diet√©ticos, suplementos de culturismo, en:supplement, en:groceries","en:plant-based-foods-and-beverages,en:beverages,en:meals,en:plant-based-beverages,en:fruit-based-beverages,en:dietary-supplements,en:bodybuilding-supplements,en:supplement,en:groceries","france,espagne","en:france,en:spain",not-applicable,4,1742130992,12.0,51.0,0.0,0.0,0.0,0.1,0.0,0.0,0.04,boisson √† l'aloe vera,2025-03-16T13:16:32.000Z,1,1,5,1.0
0000109166454,Oran≈ºada,ludwig,,,en:united states,en:united-states,unknown,,1753318920,44.0,184.0,0.0,,10.5,0.0233,0.0,,0.00931,Oran≈ºada,2025-07-24T01:02:00.000Z,1,1,5,1.0
00001099,Goman Ciabatta 150g,goman as,,,world,en:world,unknown,,1733421349,,,,,,,,,,Goman Ciabatta 150g,2024-12-05T17:55:49.000Z,1,1,0,0.2857142857142857
00001100,Cigarettes Fourr√©es Chocolat Noisettes,bijou,"snacks, sweet snacks, biscuits and cakes, biscuits, fr:biscuit-patissier-fourres-chocolat-noisette, en:cigarettes","en:snacks,en:sweet-snacks,en:biscuits-and-cakes,en:biscuits-and-crackers,en:biscuits,en:non-food-products,en:cigarettes,fr:biscuit-patissier-fourres-chocolat-noisette","frankreich, germany","en:france,en:germany",not-applicable,,1764872145,488.0,2042.0,21.0,16.0,48.0,0.12,6.0,3.5,0.048,Cigarettes Fourr√©es Chocolat Noisettes,2025-12-04T18:15:45.000Z,1,1,5,1.0
0000110000105,Beef Filet Mignon,good chop,,,en:united states,en:united-states,unknown,,1754252628,159.0,664.0,7.05,2.65,0.0,0.14,22.3,0.0,0.0559,Beef Filet Mignon,2025-08-03T20:23:48.000Z,1,1,5,1.0
0000110001805,Beef burger,good chop,,,us,en:united-states,unknown,,1725478334,0.333333333333333,1.0,15.3333333333333,6.0,,0.166666669150194,18.7333335876465,,0.0666666676600774,Beef burger,2024-09-04T19:32:14.000Z,1,1,4,0.8571428571428571
0000110737049,Lait ecreme,,,,us,en:united-states,unknown,,1731416402,41.0,172.0,,,,,,,,Lait ecreme,2024-11-12T13:00:02.000Z,1,0,1,0.2857142857142857
0000111111231,More Fresh 100% whole wheat bread,more,"plant-based foods and beverages,plant-based foods,cereals and potatoes,breads","en:plant-based-foods-and-beverages,en:plant-based-foods,en:cereals-and-potatoes,en:cereals-and-their-products,en:breads",india,en:india,unknown,4,1766052560,,,,,,,,,,More Fresh 100% whole wheat bread,2025-12-18T10:09:20.000Z,1,1,0,0.2857142857142857
0000111117896,,,,,en:czechia,en:czech-republic,,,1767896316,,,,,,,,,,,2026-01-08T18:18:36.000Z,0,0,0,0.0
0000111474123,nutricia,,,,en:the netherlands,en:netherlands,unknown,,1750260146,,,,,,,,,,nutricia,2025-06-18T15:22:26.000Z,1,0,0,0.14285714285714285
0000112302557,Velout√© de l√©gumes fa√ßon po√™l√©e,"liebig, pursoup'","aliments et boissons √† base de v√©g√©taux, aliments d'origine v√©g√©tale, aliments √† base de fruits et de l√©gumes, plats pr√©par√©s, soupes, velout√©s, soupes de l√©gumes, velout√©s de l√©gumes","en:plant-based-foods-and-beverages,en:plant-based-foods,en:fruits-and-vegetables-based-foods,en:meals,en:soups,en:cream-soups,en:vegetable-soups,en:cream-of-vegetable-soups",france,en:france,unknown,4,1728041910,,,,,,,,,,Velout√© de l√©gumes fa√ßon po√™l√©e,2024-10-04T11:38:30.000Z,1,1,0,0.2857142857142857
0000112302579,Velout√© de 10 l√©gumes,liebig,"aliments et boissons √† base de v√©g√©taux, aliments d'origine v√©g√©tale, aliments √† base de fruits et de l√©gumes, plats pr√©par√©s, soupes, velout√©s, soupes de l√©gumes, velout√©s de l√©gumes","en:plant-based-foods-and-beverages,en:plant-based-foods,en:fruits-and-vegetables-based-foods,en:meals,en:soups,en:cream-soups,en:vegetable-soups,en:cream-of-vegetable-soups",france,en:france,unknown,,1728041911,,,,,,,,,,Velout√© de 10 l√©gumes,2024-10-04T11:38:31.000Z,1,1,0,0.2857142857142857
0000112302638,L√©gumes et kiri,liebig,,,en:ireland,en:ireland,unknown,,1728041915,54.0,226.0,3.0,2.0,2.0,,1.0,1.0,,L√©gumes et kiri,2024-10-04T11:38:35.000Z,1,1,4,0.8571428571428571
0000112302676,Velout√© de l√©gumes du soleil,liebig,"aliments et boissons √† base de v√©g√©taux, aliments d'origine v√©g√©tale, aliments √† base de fruits et de l√©gumes, conserves, plats pr√©par√©s, soupes, velout√©s, soupes de l√©gumes, plats pr√©par√©s en conserve, velout√©s de l√©gumes, soupes en conserve, soupes de l√©gumes en conserve","en:plant-based-foods-and-beverages,en:plant-based-foods,en:fruits-and-vegetables-based-foods,en:canned-foods,en:meals,en:soups,en:cream-soups,en:vegetable-soups,en:canned-meals,en:cream-of-vegetable-soups,en:canned-soups,en:canned-vegetable-soups",en:france,en:france,c,3,1728358004,35.0,146.0,1.7,0.3,1.4,0.67,0.9,0.8,0.268,Velout√© de l√©gumes du soleil,2024-10-08T03:26:44.000Z,1,1,5,1.0
0000112302736,,,,,en:france,en:france,unknown,,1728041929,,,,,,,,,,,2024-10-04T11:38:49.000Z,0,0,0,0.0
0000112302737,,liebig,,,en:france,en:france,unknown,,1728041929,,,,,,,,,,,2024-10-04T11:38:49.000Z,0,1,0,0.14285714285714285
0000112307262,Liebig soupe,liebig,"plats pr√©par√©s, soupes, soupes √† r√©chauffer","en:meals,en:soups,en:reheatable-soups",en:france,en:france,unknown,,1728041935,,,,,,,,,,Liebig soupe,2024-10-04T11:38:55.000Z,1,1,0,0.2857142857142857
0000112307269,Liebig bio velout√© potiron & graines de courge,liebig,,,en:france,en:france,unknown,,1728041936,,,,,,,,,,Liebig bio velout√© potiron & graines de courge,2024-10-04T11:38:56.000Z,1,1,0,0.2857142857142857
0000112407440,Mouline de 10 legumes,marque rep√®re,,,france,en:france,unknown,,1728041944,,,,,,,,,,Mouline de 10 legumes,2024-10-04T11:39:04.000Z,1,1,0,0.2857142857142857
0000112407452,D√©lice de 8 l√©gumes,liebig,,,belgique,en:belgium,unknown,,1728041945,,,,,,,,,,D√©lice de 8 l√©gumes,2024-10-04T11:39:05.000Z,1,1,0,0.2857142857142857
0000112407453,soupe potiron,,plats pr√©par√©s,en:meals,france,en:france,unknown,,1728041945,,,,,,,,,,soupe potiron,2024-10-04T11:39:05.000Z,1,0,0,0.14285714285714285
0000112407459,Velout√©  ü•ï üéÉ,,,,,,unknown,,1728041945,40.0,167.0,1.6,1.0,1.2,,0.7,0.9,,Velout√©  ü•ï üéÉ,2024-10-04T11:39:05.000Z,1,0,4,0.7142857142857143
0000112407491,Pursoup‚Äô Velout√© 10 L√©gumes,liebig,"aliments et boissons √† base de v√©g√©taux, aliments d'origine v√©g√©tale, aliments √† base de fruits et de l√©gumes, plats pr√©par√©s, soupes, velout√©s, soupes de l√©gumes, velout√©s de l√©gumes","en:plant-based-foods-and-beverages,en:plant-based-foods,en:fruits-and-vegetables-based-foods,en:meals,en:soups,en:cream-soups,en:vegetable-soups,en:cream-of-vegetable-soups",france,en:france,unknown,,1728041948,,,,,,,,,,Pursoup‚Äô Velout√© 10 L√©gumes,2024-10-04T11:39:08.000Z,1,1,0,0.2857142857142857
0000112407494,Velout√© de L√©gumes Verts,liebig,"aliments et boissons √† base de v√©g√©taux, aliments d'origine v√©g√©tale, aliments √† base de fruits et de l√©gumes, plats pr√©par√©s, soupes, velout√©s, soupes de l√©gumes, velout√©s de l√©gumes","en:plant-based-foods-and-beverages,en:plant-based-foods,en:fruits-and-vegetables-based-foods,en:meals,en:soups,en:cream-soups,en:vegetable-soups,en:cream-of-vegetable-soups",france,en:france,unknown,,1728041949,,,,,,,,,,Velout√© de L√©gumes Verts,2024-10-04T11:39:09.000Z,1,1,0,0.2857142857142857
0000112652215,cocakola,,,,en:united kingdom,en:united-kingdom,unknown,,1728034004,,,,,,,,,,cocakola,2024-10-04T09:26:44.000Z,1,0,0,0.14285714285714285
00001127,,,,,en:germany,en:germany,unknown,4,1728034985,,,,,,,,,,,2024-10-04T09:43:05.000Z,0,0,0,0.0
0000114220032,,,,,new caledonia,en:new-caledonia,unknown,,1728036455,,,,,,,,,,,2024-10-04T10:07:35.000Z,0,0,0,0.0
00001161,Limoncino Bottega,,"getr√§nke und getr√§nkezubereitungen, getr√§nke, alkoholische getr√§nke, lik√∂re","en:beverages-and-beverages-preparations,en:beverages,en:alcoholic-beverages,en:liqueurs","frankreich, en:de","en:france,en:germany",not-applicable,,1728042075,,,,,,,,,,Limoncino Bottega,2024-10-04T11:41:15.000Z,1,0,0,0.14285714285714285
00001185,L-Ornithin Pulver,bonemis,,,en:germany,en:germany,unknown,,1747221834,,,,,,,,,,L-Ornithin Pulver,2025-05-14T11:23:54.000Z,1,1,0,0.2857142857142857
00001199,Sol√®ne c√©r√©ales poulet,crous,,,france,en:france,unknown,4,1767895188,219.0,916.0,5.9,0.5,1.7,0.464,9.7,2.8,0.1856,Sol√®ne c√©r√©ales poulet,2026-01-08T17:59:48.000Z,1,1,5,1.0
0000120017176,,,,,en:united states,en:united-states,unknown,,1728042171,,,,,,,,,,,2024-10-04T11:42:51.000Z,0,0,0,0.0
0000120876131,EPA Frankreich,,,,en:germany,en:germany,unknown,,1728042196,,,,,,,,,,EPA Frankreich,2024-10-04T11:43:16.000Z,1,0,0,0.14285714285714285
00001218,Prime Protein,equip,,,en:united-states,en:united-states,unknown,4,1744839293,397.0,1660.0,3.97,3.97,7.94,1.44,79.4,,0.575,Prime Protein,2025-04-16T21:34:53.000Z,1,1,5,1.0
0000123090909,brendnammamam,bsbdhdjdh,,,en:uzbekistan,en:uzbekistan,unknown,,1751547451,,,,,,,,,,brendnammamam,2025-07-03T12:57:31.000Z,1,1,0,0.2857142857142857
0000123402839,McFlurry Malteaser,mcdonald‚Äôs,,,us,en:united-states,unknown,,1728042300,133.0,556.0,5.0,3.34999990463257,17.0,,2.65000009536743,0.75,,McFlurry Malteaser,2024-10-04T11:45:00.000Z,1,1,4,0.8571428571428571
0000123445435,,,,,en:romania,en:romania,,,1744028652,,,,,,,,,,,2025-04-07T12:24:12.000Z,0,0,0,0.0
0000123456666,Oliven√∂l,italien,,,en:germany,en:germany,unknown,,1728042310,,,,,,,,,,Oliven√∂l,2024-10-04T11:45:10.000Z,1,1,0,0.2857142857142857
00001250,,"herbalife, marinaden",,,"vereinigte staaten von amerika, germany","en:germany,en:united-states",unknown,,1728042391,,,,,,,,,,,2024-10-04T11:46:31.000Z,0,1,0,0.14285714285714285
00001251,Organic Fresh Young Chicken Thin Sliced Boneless Skinless Breasts,foster poultry farms,,,world,en:world,unknown,,1728358951,,,,,,,,,,Organic Fresh Young Chicken Thin Sliced Boneless Skinless Breasts,2024-10-08T03:42:31.000Z,1,1,0,0.2857142857142857
00001255,Ham and american on bun,,,,en:ireland,en:ireland,unknown,,1734371637,206.349206349206,863.0,7.14285714285714,,,,12.6984126984127,0.793650793650794,,Ham and american on bun,2024-12-16T17:53:57.000Z,1,0,3,0.5714285714285714
00001285,Protein Pudding,bodylap,,,de,en:germany,unknown,,1762329765,643.333333333333,2692.0,12.3333333333333,76.6666666666667,,,83.3333333333333,,,Protein Pudding,2025-11-05T08:02:45.000Z,1,1,3,0.7142857142857143
0000129213097,Wieprozowina z zapiecka,spizarnia,,,en:ireland,en:ireland,unknown,,1746323463,208.0,870.0,12.0,4.8,0.9,1.47637795275591,25.0,,0.590551181102364,Wieprozowina z zapiecka,2025-05-04T01:51:03.000Z,1,1,5,1.0
00001296,Alfalfa Hay,rural route 1,,,world,en:world,unknown,,1758614235,,,,,,,,,,Alfalfa Hay,2025-09-23T07:57:15.000Z,1,1,0,0.2857142857142857
0000130026287,cioccolato fondente,conad,,,en:italy,en:italy,unknown,,1741271380,,,,,,,,,,cioccolato fondente,2025-03-06T14:29:40.000Z,1,1,0,0.2857142857142857
0000130085750,Graines de chia noires,,,,en:ireland,en:ireland,unknown,,1728042492,70.0,293.0,4.5,,,,2.0,5.0,,Graines de chia noires,2024-10-04T11:48:12.000Z,1,0,3,0.5714285714285714
0000131019063,Van our lager,,,,en:russia,en:russia,unknown,,1732804867,,,,,,,,,,Van our lager,2024-11-28T14:41:07.000Z,1,0,0,0.14285714285714285
0000131335927,Hot Cocoa Extra Strength,moonbrew,,,en:united states,en:united-states,unknown,,1761703622,250.0,1050.0,0.0,,0.0,4.84,37.5,12.5,1.94,Hot Cocoa Extra Strength,2025-10-29T02:07:02.000Z,1,1,5,1.0
00001314,Natural Hazelnuts,"willamette hazelnut, inc",,,world,en:world,unknown,,1728358935,,,,,,,,,,Natural Hazelnuts,2024-10-08T03:42:15.000Z,1,1,0,0.2857142857142857
00001358,Klare Fleischsuppe (Br√ºhw√ºrfel),,,,"frankreich, en:de","en:france,en:germany",unknown,,1728042656,,,,,,,,,,Klare Fleischsuppe (Br√ºhw√ºrfel),2024-10-04T11:50:56.000Z,1,0,0,0.14285714285714285
0000136726562,Mixed Berry Fruit & Grain Bar,great value,,,en:united states,en:united-states,unknown,,1728042662,351.0,1470.0,8.11,2.7,32.4,0.574,2.7,2.7,0.23,Mixed Berry Fruit & Grain Bar,2024-10-04T11:51:02.000Z,1,1,5,1.0
00001380,Schweinebauch gegart &quot;Swininka Neschnaja&quot;,lackmann,,,en:germany,en:germany,unknown,,1756361364,,,,,,,,,,Schweinebauch gegart &quot;Swininka Neschnaja&quot;,2025-08-28T06:09:24.000Z,1,1,0,0.2857142857142857
0000140000204,Aa Unbranded Urad Dal Gota,daylis fresh,urad dal,"en:plant-based-foods-and-beverages,en:plant-based-foods,en:legumes-and-their-products,en:legumes,en:seeds,en:legume-seeds,en:pulses,en:black-grams",india,en:india,unknown,1,1728825257,,,,,,,,,,Aa Unbranded Urad Dal Gota,2024-10-13T13:14:17.000Z,1,1,0,0.2857142857142857
00001436,p√¢t√© cr√®me,delifin,"viandes et d√©riv√©s, viandes, charcuteries","en:meats-and-their-products,en:meats,en:prepared-meats",en:belgium,en:belgium,unknown,,1728042844,,,,,,,,,,p√¢t√© cr√®me,2024-10-04T11:54:04.000Z,1,1,0,0.2857142857142857
00001466,CR7,herbalife,"compl√©ments alimentaires, en:sports, en:supplement, en:groceries","en:dietary-supplements,en:sports,en:supplement,en:groceries","francia,spagna","en:france,en:spain",not-applicable,,1742123679,,,,,,,,,,CR7,2025-03-16T11:14:39.000Z,1,1,0,0.2857142857142857
00001478,Kollagen Premium Pulver,koll 'zym,,,en:ireland,en:ireland,unknown,,1728035061,360.0,1506.0,,,,,90.0,,,Kollagen Premium Pulver,2024-10-04T09:44:21.000Z,1,1,2,0.5714285714285714
0000149018379,Croissant cacao noisette,,"snacks, snacks sucr√©s, viennoiseries, croissants","en:snacks,en:sweet-snacks,en:sweet-pastries-and-pies,en:viennoiseries,en:croissants",en:fr,en:france,unknown,,1687546618,,,,,,,,,,Croissant cacao noisette,2023-06-23T18:56:58.000Z,1,0,0,0.14285714285714285
00001500,Coca-Cola,coca-cola,"beverages, carbonated drinks, sodas","en:beverages,en:carbonated-drinks,en:sodas",en:ireland,en:ireland,unknown,,1728042964,42.0,176.0,,,10.6000003814697,,,,,Coca-Cola,2024-10-04T11:56:04.000Z,1,1,2,0.5714285714285714
0000151009686,Masoor dal dhuli 1kg(3),firstcrop,"plant-based foods and beverages,plant-based foods,legumes and their products,legumes,seeds,legume seeds,pulses,masoor dal","en:plant-based-foods-and-beverages,en:plant-based-foods,en:legumes-and-their-products,en:legumes,en:seeds,en:legume-seeds,en:pulses,en:lentils",india,en:india,unknown,,1728834283,,,,,,,,,,Masoor dal dhuli 1kg(3),2024-10-13T15:44:43.000Z,1,1,0,0.2857142857142857
0000151009707,First crop Urad chilka 500g,,,,en:india,en:india,unknown,,1728042994,,,,,,,,,,First crop Urad chilka 500g,2024-10-04T11:56:34.000Z,1,0,0,0.14285714285714285
0000151010430,FC Dry fruits Pista R&S,,,,en:india,en:india,unknown,,1728042995,,,,,,,,,,FC Dry fruits Pista R&S,2024-10-04T11:56:35.000Z,1,0,0,0.14285714285714285
0000151682297,Mints,,,,en:us,en:united-states,unknown,,1728036856,,,,,,,,,,Mints,2024-10-04T10:14:16.000Z,1,0,0,0.14285714285714285
0000152343781,Cappuccino duble choco,,"cibi e bevande a base vegetale, bevande, cibi a base vegetale, caff√®, bevande istantanee","en:plant-based-foods-and-beverages,en:beverages,en:plant-based-foods,en:coffees,en:instant-beverages",en:it,en:italy,unknown,,1728043021,398.0,1665.0,10.3,8.3,47.7,1.06,10.3,6.2,0.424,Cappuccino duble choco,2024-10-04T11:57:01.000Z,1,0,5,0.8571428571428571
00001544,Chicken thighs,costco,,,us,en:united-states,unknown,,1728036889,120.0,502.0,4.0,,,,20.0,,,Chicken thighs,2024-10-04T10:14:49.000Z,1,1,3,0.7142857142857143
00001560,Melocot√≥n en almibar,dia,,,espa√±a,en:spain,unknown,,1728035075,81.0,339.0,0.2,0.0,17.0,,0.4,,,Melocot√≥n en almibar,2024-10-04T09:44:35.000Z,1,1,4,0.8571428571428571
00001564,Fromage blanc p√™che,,,,france,en:france,unknown,,1729242090,98.0,410.0,3.3,3.3,7.5,0.027,4.6,,0.0108,Fromage blanc p√™che,2024-10-18T09:01:30.000Z,1,0,5,0.8571428571428571
0000158178374,Creatine monohydrate,,,,en:united states,en:united-states,unknown,,1766493232,37.0,155.0,0.15,,1.25,0.039375,,,0.01575,Creatine monohydrate,2025-12-23T12:33:52.000Z,1,0,4,0.7142857142857143
00001600,M0915T NB Calf Grower Txt. (Feed),kreamer feed,,,world,en:world,unknown,,1728358936,,,,,,,,,,M0915T NB Calf Grower Txt. (Feed),2024-10-08T03:42:16.000Z,1,1,0,0.2857142857142857
0000166044393,Kid Paddle,,,,en:fr,en:france,unknown,,1728043366,,,,,,,,,,Kid Paddle,2024-10-04T12:02:46.000Z,1,0,0,0.14285714285714285
0000169623404,Summer Middle Eastern Inspired Beef Kofta Kebabs,waitrose,,,en:united kingdom,en:united-kingdom,unknown,,1749986677,197.0,825.0,10.3,4.15,2.62,1.09,18.3,2.15,0.435,Summer Middle Eastern Inspired Beef Kofta Kebabs,2025-06-15T11:24:37.000Z,1,1,5,1.0
00001766,,,,,"france, en:it","en:france,en:italy",unknown,,1755592665,,,,,,,,,,,2025-08-19T08:37:45.000Z,0,0,0,0.0
00001796,Italian-Style Wedding Soup,trader-joes,"canned foods, meals, soups, canned meals, canned soups","en:canned-foods,en:meals,en:soups,en:canned-meals,en:canned-soups",en:united states,en:united-states,unknown,,1728037045,,,,,,,,,,Italian-Style Wedding Soup,2024-10-04T10:17:25.000Z,1,1,0,0.2857142857142857
0000181009847,4 Beignets parfum chocolat-noisette *4,,"snacks, snacks sucr√©s, beignets sucr√©s","en:snacks,en:sweet-snacks,en:sweet-fritters",en:fr,en:france,d,,1613294250,394.0,1648.0,19.0,2.1,19.0,0.7,6.7,,0.28,4 Beignets parfum chocolat-noisette *4,2021-02-14T09:17:30.000Z,1,0,5,0.8571428571428571
0000181013127,Beignet parfum Choco noisette,,,,en:fr,en:france,unknown,,1613686307,,,,,,,,,,Beignet parfum Choco noisette,2021-02-18T22:11:47.000Z,1,0,0,0.14285714285714285
00001819,Complejo de vitaminas y minerales para mujer,herbalife,suplementos diet√©ticos,en:dietary-supplements,spain,en:spain,not-applicable,,1728043888,,,,,,,,,,Complejo de vitaminas y minerales para mujer,2024-10-04T12:11:28.000Z,1,1,0,0.2857142857142857
00001825,,,,,en:morocco,en:morocco,unknown,,1728035140,,,,,,,,,,,2024-10-04T09:45:40.000Z,0,0,0,0.0
00001829,Simply Probiotic - HerbaLife,,,,en:ireland,en:ireland,unknown,,1728043909,,,,,,,50.0,,,Simply Probiotic - HerbaLife,2024-10-04T12:11:49.000Z,1,0,1,0.2857142857142857
00001834,5 Cheese  Rigatoni,lean cuisine,en:rigatoni,"en:plant-based-foods-and-beverages,en:plant-based-foods,en:pastas,en:rigatoni",en:ireland,en:ireland,unknown,,1748450915,127.208480565371,532.0,3.53356890459364,1.41342756183746,,,4.9469964664311,2.47349823321555,,5 Cheese  Rigatoni,2025-05-28T16:48:35.000Z,1,1,3,0.7142857142857143
00001866,Poudre de curcuma,,"aliments et boissons √† base de v√©g√©taux, aliments d'origine v√©g√©tale, condiments, epices, curcuma, curcuma en poudre","en:plant-based-foods-and-beverages,en:plant-based-foods,en:condiments,en:spices,en:turmeric,en:turmeric-powder",en:be,en:belgium,not-applicable,,1728037086,,,,,,,,,,Poudre de curcuma,2024-10-04T10:18:06.000Z,1,0,0,0.14285714285714285
00001915,Barretta proteica,inzone,,,en:italy,en:italy,unknown,,1556626958,383.0,1600.0,13.8,8.2,21.1,0.241,27.8,7.91,0.0963,Barretta proteica,2019-04-30T12:22:38.000Z,1,1,5,1.0
0000195212035,Oat No Sugars,alpro,en:oat-based-drinks,"en:beverages-and-beverages-preparations,en:plant-based-foods-and-beverages,en:beverages,en:plant-based-foods,en:cereals-and-potatoes,en:dairy-substitutes,en:cereals-and-their-products,en:milk-substitutes,en:plant-based-beverages,en:plant-based-milk-alternatives,en:cereal-based-drinks,en:oat-based-drinks",en:united kingdom,en:united-kingdom,c,,1748988256,40.0,168.0,1.5,0.2,0.0,0.11,0.2,1.2,0.044,Oat No Sugars,2025-06-03T22:04:16.000Z,1,1,5,1.0
0000197571406,Puppodums,sharwood's,null,en:null,united states,en:united-states,unknown,3,1740179802,183.0,765.0,0.3,,0.6,6.1,21.9,10.1,2.44,Puppodums,2025-02-21T23:16:42.000Z,1,1,5,1.0
00001984,dalmatinska buƒëola bonkuloviƒá kg,,,,en:croatia,en:croatia,unknown,,1767600661,,,,,,,,,,dalmatinska buƒëola bonkuloviƒá kg,2026-01-05T08:11:01.000Z,1,0,0,0.14285714285714285
0000200008259,Walkers roast chicken with heinz mayonnaise,,,,en:ireland,en:ireland,unknown,,1728044304,512.0,2142.0,29.2,2.4,1.2,,6.4,6.4,,Walkers roast chicken with heinz mayonnaise,2024-10-04T12:18:24.000Z,1,0,4,0.7142857142857143
0000200008321,Chilli Heatwave,doritos,,,united kingdom,en:united-kingdom,unknown,4,1767095531,480.0,2010.0,22.3,2.0,4.67,1.08,6.33,5.67,0.433,Chilli Heatwave,2025-12-30T11:52:11.000Z,1,1,5,1.0
0000200061115,Protein strawberry yoghurt,melkunie,,,en:the netherlands,en:netherlands,unknown,,1759212498,71.0,297.0,0.6,,,,10.0,,,Protein strawberry yoghurt,2025-09-30T06:08:18.000Z,1,1,3,0.7142857142857143
0000201141135,Parmesan,tre stelle,,,en:ireland,en:ireland,unknown,,1728044575,466.666666666667,1953.0,30.0,1.33333335320155,,,40.0,,,Parmesan,2024-10-04T12:22:55.000Z,1,1,3,0.7142857142857143
00002015,Ricotta sita,,en:ricotta,"en:dairies,en:fermented-foods,en:fermented-milk-products,en:cheeses,en:italian-cheeses,en:ricotta",en:be,en:belgium,c,,1720118155,143.0,598.0,11.0,7.4,3.8,0.19,8.1,,0.076,Ricotta sita,2024-07-04T18:35:55.000Z,1,0,5,0.8571428571428571
0000201801077,Cherry Coca-Cola,coca-cola,,,en:ireland,en:ireland,unknown,,1728044596,43.9932318104907,184.0,,,11.844331641286,,,,,Cherry Coca-Cola,2024-10-04T12:23:16.000Z,1,1,2,0.5714285714285714
0000202000908,Dasani,,,,en:ireland,en:ireland,unknown,,1728044803,,,,,,,,,,Dasani,2024-10-04T12:26:43.000Z,1,0,0,0.14285714285714285
0000202001081,Vitamin  water,glac√©au,"beverages, waters","en:beverages,en:waters",en:ireland,en:ireland,unknown,1,1728044805,,,,,,,,,,Vitamin  water,2024-10-04T12:26:45.000Z,1,1,0,0.2857142857142857
0000202001095,Vitamin Water Zero Sugar - Gutsy,glaceau,,,en:ireland,en:ireland,unknown,,1728044806,1.69204737732657,7.0,1.35363790186125,,,,,,,Vitamin Water Zero Sugar - Gutsy,2024-10-04T12:26:46.000Z,1,1,2,0.5714285714285714
0000202200834,Fanta,coca-cola,"beverages, carbonated drinks","en:beverages,en:carbonated-drinks",en:united states,en:united-states,unknown,,1728044816,,,,,,,,,,Fanta,2024-10-04T12:26:56.000Z,1,1,0,0.2857142857142857
0000203111312,Carottes,,"aliments et boissons √† base de v√©g√©taux, aliments d'origine v√©g√©tale, aliments √† base de fruits et de l√©gumes, l√©gumes et d√©riv√©s, l√©gumes, carottes","en:plant-based-foods-and-beverages,en:plant-based-foods,en:fruits-and-vegetables-based-foods,en:vegetables-based-foods,en:vegetables,en:carrots",en:fr,en:france,unknown,,1682735342,,,,,,,,,,Carottes,2023-04-29T02:29:02.000Z,1,0,0,0.14285714285714285
00002033,felko,felko,,,en:belgium,en:belgium,unknown,,1728045089,,,,,,,,,,felko,2024-10-04T12:31:29.000Z,1,1,0,0.2857142857142857
0000206551222,HEXIGEL,,,,en:united arab emirates,en:united-arab-emirates,unknown,,1749411127,,,,,,,,,,HEXIGEL,2025-06-08T19:32:07.000Z,1,0,0,0.14285714285714285
00002083,Ciao le sel ! Iod√©,aromandise,"aliments et boissons √† base de v√©g√©taux,aliments d'origine v√©g√©tale,condiments,epices,substituts de sel","en:plant-based-foods-and-beverages,en:plant-based-foods,en:condiments,en:spices,fr:substituts-de-sel",en:fr,en:france,not-applicable,,1742247830,459.0,1920.0,35.0,4.3,0.5,1.4,16.0,,0.56,Ciao le sel ! Iod√©,2025-03-17T21:43:50.000Z,1,1,5,1.0
0000210001101,Bacon,,,,en:us,en:united-states,unknown,,1671899670,454.54545454545,1902.0,40.909090909091,13.636363636364,0.0,3.409090909091,9.0909090909091,0.0,1.3636363636364,Bacon,2022-12-24T16:34:30.000Z,1,0,5,0.8571428571428571
0000210020103,Usana chocolate protein powder,usana,,,en:ireland,en:ireland,unknown,,1728045952,406.779661016949,1702.0,10.1694915254237,1.69491525423729,30.5084745762712,,25.4237288135593,3.38983050847458,,Usana chocolate protein powder,2024-10-04T12:45:52.000Z,1,1,4,0.8571428571428571
0000210330101,Nutrimeal Dutch Chocolate,usana,,,en:ireland,en:ireland,unknown,,1728045963,400.0,1674.0,12.3999996185303,1.70000004768372,31.0,,25.0,13.6999998092651,,Nutrimeal Dutch Chocolate,2024-10-04T12:46:03.000Z,1,1,4,0.8571428571428571
0000213022899,,,,,en:france,en:france,unknown,,1761860821,,,,,,,,,,,2025-10-30T21:47:01.000Z,0,0,0,0.0
0000213029930,"Kettle Cooked Potato Chips, Bbq",the snack artist,,,united states,en:united-states,unknown,4,1728037251,,,27.86,3.57,,1.30556,,3.6,0.522224,"Kettle Cooked Potato Chips, Bbq",2024-10-04T10:20:51.000Z,1,1,2,0.5714285714285714
0000214726537,Biscuits vitalit√©,carrefour,,,us,en:united-states,unknown,,1728037254,442.0,1849.0,15.0,4.30000019073486,20.0,,11.0,5.69999980926514,,Biscuits vitalit√©,2024-10-04T10:20:54.000Z,1,1,4,0.8571428571428571
00002161,Clafoutis aux poires,foodles,,,en:ireland,en:ireland,unknown,,1731524985,226.0,946.0,13.6,7.8,,0.35,4.0,0.5,0.14,Clafoutis aux poires,2024-11-13T19:09:45.000Z,1,1,4,0.8571428571428571
00002164,,,,,en:morocco,en:morocco,unknown,,1764622721,,,,,,,,,,,2025-12-01T20:58:41.000Z,0,0,0,0.0
00002185,M√©lange pour produits  de boulangerie proteine - Herbalife,,,,en:ireland,en:ireland,unknown,,1728046184,100.0,418.0,2.5,1.0,2.0,,15.0,2.0,,M√©lange pour produits  de boulangerie proteine - Herbalife,2024-10-04T12:49:44.000Z,1,0,4,0.7142857142857143
00002196,Pesto fettuccine,lite n easy,,,en:ireland,en:ireland,unknown,,1729393230,500.0,2090.0,28.6,5.36,0.0,0.402,0.0,10.7,0.161,Pesto fettuccine,2024-10-20T03:00:30.000Z,1,1,5,1.0
0000221017050,Calabacin,,,,en:es,en:spain,unknown,,1728046274,,,,,,,,,,Calabacin,2024-10-04T12:51:14.000Z,1,0,0,0.14285714285714285
0000221017210,Creme de Cenoura com Batata,,,,en:pt,en:portugal,unknown,,1728046274,,,,,,,,,,Creme de Cenoura com Batata,2024-10-04T12:51:14.000Z,1,0,0,0.14285714285714285
0000223480306,kichererbsen,"penny, gut & g√ºnstig edeka",,,en:germany,en:germany,unknown,,1728294405,,,,,,,,,,kichererbsen,2024-10-07T09:46:45.000Z,1,1,0,0.2857142857142857
0000228000080,Terrine de campagne,,"viandes et d√©riv√©s, viandes, charcuteries, terrines, terrines de campagne","en:meats-and-their-products,en:meats,en:prepared-meats,en:terrines,en:country-terrines",france,en:france,unknown,,1547032647,,,,,,,,,,Terrine de campagne,2019-01-09T11:17:27.000Z,1,0,0,0.14285714285714285
0000234000326,Vegetable Lasagna,amy‚Äôs,,,us,en:united-states,unknown,,1657056493,130.111524163569,544.0,5.20446096654275,2.23048327137546,2.60223048327138,,5.94795539033457,1.48698884758364,,Vegetable Lasagna,2022-07-05T21:28:13.000Z,1,1,4,0.8571428571428571
00002343,Super greens,nested naturals,,,en:ireland,en:ireland,unknown,,1728035261,333.333333333333,1395.0,,,33.3333333333333,,22.2222222222222,22.2222222222222,,Super greens,2024-10-04T09:47:41.000Z,1,1,3,0.7142857142857143
00002407,Honey,vitarmonyl,non alimentaire,en:non-food-products,australia,en:australia,not-applicable,,1728046737,,,,,,,,,,Honey,2024-10-04T12:58:57.000Z,1,1,0,0.2857142857142857
0000241256907,Udon,,"plant-based foods and beverages, plant-based foods, pastas, udon","en:plant-based-foods-and-beverages,en:plant-based-foods,en:pastas,en:udon",en:us,en:united-states,d,,1684821775,131.25,549.0,0.0,0.0,3.125,3.140625,3.75,,1.25625,Udon,2023-05-23T06:02:55.000Z,1,0,5,0.8571428571428571
00002441,Chocolate orange shake,herbalife,,,en:ireland,en:ireland,unknown,,1728046840,353.0,1477.0,9.0,2.0,19.0,,35.0,15.0,,Chocolate orange shake,2024-10-04T13:00:40.000Z,1,1,4,0.8571428571428571
00002450,Schinkenkrakauer Delikatess,,,,en:germany,en:germany,unknown,,1756358613,,,,,,,,,,Schinkenkrakauer Delikatess,2025-08-28T05:23:33.000Z,1,0,0,0.14285714285714285
00002475,Soupe aux poireaux et lentilles √† la fran√ßaise,,"plats pr√©par√©s, soupes","en:meals,en:soups",en:ca,en:canada,d,,1728035277,361.11111111111,1511.0,1.3888888888889,0.0,8.3333333333333,2.2916666666667,22.222222222222,25.0,0.91666666666668,Soupe aux poireaux et lentilles √† la fran√ßaise,2024-10-04T09:47:57.000Z,1,0,5,0.8571428571428571
0000249048214,Roasted garlic hummus,trader joe‚Äôs,,,us,en:united-states,unknown,,1655825138,214.285714285714,897.0,16.0714285714286,1.78571428571429,3.57142857142857,,7.14285714285714,3.57142857142857,,Roasted garlic hummus,2022-06-21T15:25:38.000Z,1,1,4,0.8571428571428571
00002506,Kichererbsen klein,now,,,en:germany,en:germany,unknown,4,1742500065,,,,,,,,,,Kichererbsen klein,2025-03-20T19:47:45.000Z,1,1,0,0.2857142857142857
00002509,Leffe,leffe,"breakfasts, spreads, sweet spreads, fr:p√¢tes √† tartiner, en:beers","en:beverages-and-beverages-preparations,en:beverages,en:alcoholic-beverages,en:beers,en:breakfasts,en:spreads,en:sweet-spreads,fr:pates-a-tartiner",en:fr,en:france,not-applicable,,1742703160,58.0,243.0,0.0,0.0,0.0,0.0,0.0,,0.0,Leffe,2025-03-23T04:12:40.000Z,1,1,5,1.0
00002556,castrados salm√£o,special cat,,,en:fr,en:france,unknown,,1765751243,,,,,,,,,,castrados salm√£o,2025-12-14T22:27:23.000Z,1,1,0,0.2857142857142857
00002558,Schinkenwurst,meier,,,en:germany,en:germany,unknown,,1728047195,,,,,,,,,,Schinkenwurst,2024-10-04T13:06:35.000Z,1,1,0,0.2857142857142857
