code,product_name,brands,categories,categories_tags,countries,countries_tags,nutriscore_grade,nova_group,last_modified_t,energy-kcal_100g,energy_100g,fat_100g,saturated-fat_100g,sugars_100g,salt_100g,proteins_100g,fiber_100g,sodium_100g,product_name_pref,last_modified_ts,brands_arr,brands_clean_arr,brand_primary,categories_arr,categories_codes,primary_category_code,countries_arr,countries_codes,country_primary_code,event_date,has_name,has_brands,core_nutrients_count,completeness_score,quality_issues_json
6.0,,,,,en:germany,en:germany,,,1760218930,,,,,,,,,,,2025-10-11T21:42:10.000Z,,,,,,,"[\"en:germany\"]","[\"germany\"]",germany,2025-10-11,0,0,0,0.0,
12.0,Besan chilla with stuffed chciken,toneop,"dietary supplements,bodybuilding supplements,groceries,supplement","en:dietary-supplements,en:bodybuilding-supplements,en:groceries,en:supplement",germany,en:germany,not-applicable,,1752600888,,,,,,,,,,Besan chilla with stuffed chciken,2025-07-15T17:34:48.000Z,"[\"toneop\"]","[\"toneop\"]",toneop,"[\"en:dietary-supplements\",\"en:bodybuilding-supplements\",\"en:groceries\",\"en:supplement\"]","[\"dietary-supplements\",\"bodybuilding-supplements\",\"groceries\",\"supplement\"]",dietary-supplements,"[\"en:germany\"]","[\"germany\"]",germany,2025-07-15,1,1,0,0.2857142857142857,
13.0,Powdered peanut butter,pbfit,"snacks, meals, rice dishes, risottos, powder peanut butter","en:snacks,en:meals,en:rice-dishes,en:risottos,en:powder-peanut-butter",en:switzerland,en:switzerland,c,,1744243884,45.0,188.0,13.0,6.7,3.6,0.0625,11.0,,0.025,Powdered peanut butter,2025-04-10T00:11:24.000Z,"[\"pbfit\"]","[\"pbfit\"]",pbfit,"[\"en:snacks\",\"en:meals\",\"en:rice-dishes\",\"en:risottos\",\"en:powder-peanut-butter\"]","[\"snacks\",\"meals\",\"rice-dishes\",\"risottos\",\"powder-peanut-butter\"]",snacks,"[\"en:switzerland\"]","[\"switzerland\"]",switzerland,2025-04-10,1,1,5,1.0,
58.0,Frosty dishes Econom,,,,en:moldova,en:moldova,unknown,,1730873550,,,,,,,,,,Frosty dishes Econom,2024-11-06T06:12:30.000Z,,,,,,,"[\"en:moldova\"]","[\"moldova\"]",moldova,2024-11-06,1,0,0,0.14285714285714285,
79.0,Vitamine C poudre,nutrivita,"snacks,snacks sucrés,cacao et dérivés,chocolats,compléments alimentaires","en:snacks,en:sweet-snacks,en:cocoa-and-its-products,en:chocolates,en:dietary-supplements","france,espagne","en:france,en:spain",not-applicable,,1737622679,,,,,,,,,,Vitamine C poudre,2025-01-23T08:57:59.000Z,"[\"nutrivita\"]","[\"nutrivita\"]",nutrivita,"[\"en:snacks\",\"en:sweet-snacks\",\"en:cocoa-and-its-products\",\"en:chocolates\",\"en:dietary-supplements\"]","[\"snacks\",\"sweet-snacks\",\"cocoa-and-its-products\",\"chocolates\",\"dietary-supplements\"]",snacks,"[\"en:france\",\"en:spain\"]","[\"france\",\"spain\"]",france,2025-01-23,1,1,0,0.2857142857142857,
87.0,leite egua,piraque,ayurvedic herb,en:ayurvedic-herb,brasil,en:brazil,unknown,,1741442319,,,,,,,,,,leite egua,2025-03-08T13:58:39.000Z,"[\"piraque\"]","[\"piraque\"]",piraque,"[\"en:ayurvedic-herb\"]","[\"ayurvedic-herb\"]",ayurvedic-herb,"[\"en:brazil\"]","[\"brazil\"]",brazil,2025-03-08,1,1,0,0.2857142857142857,
93.0,Organic Cacao Powder,sevenhills wholefoods,"plant-based foods and beverages, plant-based foods, breakfasts, cereals and potatoes, seeds, cereals and their products, breakfast cereals, cereal grains, chia, en:cocoa-and-chocolate-powders","en:plant-based-foods-and-beverages,en:plant-based-foods,en:breakfasts,en:cereals-and-potatoes,en:seeds,en:cereals-and-their-products,en:cocoa-and-its-products,en:breakfast-cereals,en:cereal-grains,en:cocoa-and-chocolate-powders,en:chia",france,en:france,unknown,,1745613676,271.0,1134.0,5.8,3.1,8.0,0.001575,8.0,,6.3E-4,Organic Cacao Powder,2025-04-25T20:41:16.000Z,"[\"sevenhills wholefoods\"]","[\"sevenhills wholefoods\"]",sevenhills wholefoods,"[\"en:plant-based-foods-and-beverages\",\"en:plant-based-foods\",\"en:breakfasts\",\"en:cereals-and-potatoes\",\"en:seeds\",\"en:cereals-and-their-products\",\"en:cocoa-and-its-products\",\"en:breakfast-cereals\",\"en:cereal-grains\",\"en:cocoa-and-chocolate-powders\",\"en:chia\"]","[\"plant-based-foods-and-beverages\",\"plant-based-foods\",\"breakfasts\",\"cereals-and-potatoes\",\"seeds\",\"cereals-and-their-products\",\"cocoa-and-its-products\",\"breakfast-cereals\",\"cereal-grains\",\"cocoa-and-chocolate-powders\",\"chia\"]",plant-based-foods-and-beverages,"[\"en:france\"]","[\"france\"]",france,2025-04-25,1,1,5,1.0,
99.0,coffee,sunergetic,coffee,"en:plant-based-foods-and-beverages,en:plant-based-foods,en:coffees",españa,en:spain,unknown,,1730038053,,,,,,,,,,coffee,2024-10-27T14:07:33.000Z,"[\"sunergetic\"]","[\"sunergetic\"]",sunergetic,"[\"en:plant-based-foods-and-beverages\",\"en:plant-based-foods\",\"en:coffees\"]","[\"plant-based-foods-and-beverages\",\"plant-based-foods\",\"coffees\"]",plant-based-foods-and-beverages,"[\"en:spain\"]","[\"spain\"]",spain,2024-10-27,1,1,0,0.2857142857142857,
106.0,Snep vegan plus,triple sec/curacao,"beverages and beverages preparations, beverages","en:beverages-and-beverages-preparations,en:beverages","spanien, germany","en:germany,en:spain",e,,1736850869,216.91,908.0,7.23,4.03,17.95,0.3,18.53,1.9,0.12,Snep vegan plus,2025-01-14T10:34:29.000Z,"[\"triple sec/curacao\"]","[\"triple sec/curacao\"]",triple sec/curacao,"[\"en:beverages-and-beverages-preparations\",\"en:beverages\"]","[\"beverages-and-beverages-preparations\",\"beverages\"]",beverages-and-beverages-preparations,"[\"en:germany\",\"en:spain\"]","[\"germany\",\"spain\"]",germany,2025-01-14,1,1,5,1.0,
120.0,Probiotic,yuve,,,"irland, germany","en:germany,en:ireland",unknown,,1745334283,10.0,42.0,,,,,,,,Probiotic,2025-04-22T15:04:43.000Z,"[\"yuve\"]","[\"yuve\"]",yuve,,,,"[\"en:germany\",\"en:ireland\"]","[\"germany\",\"ireland\"]",germany,2025-04-22,1,1,1,0.42857142857142855,
122.0,High protein iced coffee  latte macchiato,herbalife,,,stati uniti d'america,en:united-states,unknown,,1728036680,364.0,,4.59999990463257,2.29999995231628,3.20000004768372,,68.0,2.29999995231628,,High protein iced coffee  latte macchiato,2024-10-04T10:11:20.000Z,"[\"herbalife\"]","[\"herbalife\"]",herbalife,,,,"[\"en:united-states\"]","[\"united-states\"]",united-states,2024-10-04,1,1,4,0.8571428571428571,
145.0,MK Gold Bread Mix,mk nutrition,,,en:it,en:italy,unknown,,1728035054,386.0,,13.0,1.5,1.0,1.65,53.0,0.5,0.66,MK Gold Bread Mix,2024-10-04T09:44:14.000Z,"[\"mk nutrition\"]","[\"mk nutrition\"]",mk nutrition,,,,"[\"en:italy\"]","[\"italy\"]",italy,2024-10-04,1,1,5,1.0,
194.0,Bio Walnusskerne Achtel kerne,biojoy,"plant-based foods and beverages, plant-based foods, nuts and their products, nuts, shelled nuts, walnuts, walnut kernels","en:plant-based-foods-and-beverages,en:plant-based-foods,en:nuts-and-their-products,en:nuts,en:shelled-nuts,en:walnuts,en:walnut-kernels",germany,en:germany,b,1,1730562705,,,65.8,6.6,8.31,0.01,14.2,3.6,0.004,Bio Walnusskerne Achtel kerne,2024-11-02T15:51:45.000Z,"[\"biojoy\"]","[\"biojoy\"]",biojoy,"[\"en:plant-based-foods-and-beverages\",\"en:plant-based-foods\",\"en:nuts-and-their-products\",\"en:nuts\",\"en:shelled-nuts\",\"en:walnuts\",\"en:walnut-kernels\"]","[\"plant-based-foods-and-beverages\",\"plant-based-foods\",\"nuts-and-their-products\",\"nuts\",\"shelled-nuts\",\"walnuts\",\"walnut-kernels\"]",plant-based-foods-and-beverages,"[\"en:germany\"]","[\"germany\"]",germany,2024-11-02,1,1,4,0.8571428571428571,
209.0,Whey Protein,bulk supplements,,,en:ireland,en:ireland,unknown,,1729225377,120.0,502.0,2.59999990463257,1.5,1.0,,23.0,,,Whey Protein,2024-10-18T04:22:57.000Z,"[\"bulk supplements\"]","[\"bulk supplements\"]",bulk supplements,,,,"[\"en:ireland\"]","[\"ireland\"]",ireland,2024-10-18,1,1,4,0.8571428571428571,
210.0,Kalogel,,,,en:es,en:spain,unknown,,1740180701,,,,,,,,,,Kalogel,2025-02-21T23:31:41.000Z,,,,,,,"[\"en:spain\"]","[\"spain\"]",spain,2025-02-21,1,0,0,0.14285714285714285,
213.0,PROTEIN PANCAKE,weider,,,en:ireland,en:ireland,unknown,,1734440462,206.0,862.0,7.0,1.3,2.8,,6.9,,,PROTEIN PANCAKE,2024-12-17T13:01:02.000Z,"[\"weider\"]","[\"weider\"]",weider,,,,"[\"en:ireland\"]","[\"ireland\"]",ireland,2024-12-17,1,1,4,0.8571428571428571,
215.0,Riso rosso,scotti,,,en:it,en:italy,unknown,,1659349155,173.0,724.0,1.9,0.3,3.2,1.22,8.8,,0.488,Riso rosso,2022-08-01T10:19:15.000Z,"[\"scotti\"]","[\"scotti\"]",scotti,,,,"[\"en:italy\"]","[\"italy\"]",italy,2022-08-01,1,1,5,1.0,
274.0,Protine,redcon1,,,en:it,en:italy,unknown,4,1731885255,413.0,,6.35,3.17,6.35,0.754,76.2,0.0,0.302,Protine,2024-11-17T23:14:15.000Z,"[\"redcon1\"]","[\"redcon1\"]",redcon1,,,,"[\"en:italy\"]","[\"italy\"]",italy,2024-11-17,1,1,5,1.0,
299.0,,,,,en:united states,en:united-states,unknown,,1728035352,,,,,,,,,,,2024-10-04T09:49:12.000Z,,,,,,,"[\"en:united-states\"]","[\"united-states\"]",united-states,2024-10-04,0,0,0,0.0,
341.0,Hydration Mix,biosteel,,,en:ireland,en:ireland,unknown,4,1735770828,71.4,300.0,0.0,,0.0,5.0,0.0,0.0,2.0,Hydration Mix,2025-01-01T22:33:48.000Z,"[\"biosteel\"]","[\"biosteel\"]",biosteel,,,,"[\"en:ireland\"]","[\"ireland\"]",ireland,2025-01-01,1,1,5,1.0,
350.0,,,sofregit,ca:sofregit,en:spain,en:spain,unknown,,1748694425,,,,,,,,,,,2025-05-31T12:27:05.000Z,,,,"[\"ca:sofregit\"]","[\"sofregit\"]",sofregit,"[\"en:spain\"]","[\"spain\"]",spain,2025-05-31,0,0,0,0.0,
355.0,Morinda più,,,,en:it,en:italy,unknown,,1728035456,,,,,,,,,,Morinda più,2024-10-04T09:50:56.000Z,,,,,,,"[\"en:italy\"]","[\"italy\"]",italy,2024-10-04,1,0,0,0.14285714285714285,
364.0,Baguette bio au levain,,,,en:fr,en:france,unknown,,1727970330,,,,,,0.0,,,0.0,Baguette bio au levain,2024-10-03T15:45:30.000Z,,,,,,,"[\"en:france\"]","[\"france\"]",france,2024-10-03,1,0,1,0.2857142857142857,
365.0,Coffret Vendôme T2,live conscious,,,en:fr,en:france,unknown,4,1741045264,526.0,,38.1,13.41,29.58,11.0,7.55,4.49,4.4,Coffret Vendôme T2,2025-03-03T23:41:04.000Z,"[\"live conscious\"]","[\"live conscious\"]",live conscious,,,,"[\"en:france\"]","[\"france\"]",france,2025-03-03,1,1,5,1.0,
369.0,Queso cabra,,,,en:es,en:spain,unknown,,1593449779,336.0,,27.7,16.6,0.12,1.9,19.7,,0.76,Queso cabra,2020-06-29T16:56:19.000Z,,,,,,,"[\"en:spain\"]","[\"spain\"]",spain,2020-06-29,1,0,5,0.8571428571428571,
457.0,,,,,en:france,en:france,unknown,,1728034831,,,,,,,,,,,2024-10-04T09:40:31.000Z,,,,,,,"[\"en:france\"]","[\"france\"]",france,2024-10-04,0,0,0,0.0,
466.0,Wellness Noci sgusciate,,,,en:it,en:italy,unknown,,1728034833,721.0,,69.0,6.1,1.5,,0.06,5.9,,Wellness Noci sgusciate,2024-10-04T09:40:33.000Z,,,,,,,"[\"en:italy\"]","[\"italy\"]",italy,2024-10-04,1,0,4,0.7142857142857143,
484.0,Whey Protein,topcare,"breakfasts, spreads, sweet spreads, bee products, farming products, sweeteners, honeys, dietary supplements, flower honeys, bodybuilding supplements, protein powders, supplement","en:breakfasts,en:spreads,en:sweet-spreads,en:bee-products,en:farming-products,en:sweeteners,en:honeys,en:dietary-supplements,en:flower-honeys,en:bodybuilding-supplements,en:protein-powders,en:supplement",en:fr,en:france,not-applicable,2,1735397221,,,,,,,,,,Whey Protein,2024-12-28T14:47:01.000Z,"[\"topcare\"]","[\"topcare\"]",topcare,"[\"en:breakfasts\",\"en:spreads\",\"en:sweet-spreads\",\"en:bee-products\",\"en:farming-products\",\"en:sweeteners\",\"en:honeys\",\"en:dietary-supplements\",\"en:flower-honeys\",\"en:bodybuilding-supplements\",\"en:protein-powders\",\"en:supplement\"]","[\"breakfasts\",\"spreads\",\"sweet-spreads\",\"bee-products\",\"farming-products\",\"sweeteners\",\"honeys\",\"dietary-supplements\",\"flower-honeys\",\"bodybuilding-supplements\",\"protein-powders\",\"supplement\"]",breakfasts,"[\"en:france\"]","[\"france\"]",france,2024-12-28,1,1,0,0.2857142857142857,
485.0,Miel,,"petit-déjeuners, produits à tartiner, produits à tartiner sucrés, produits de la ruche, produits d'élevages, édulcorants, miels","en:breakfasts,en:spreads,en:sweet-spreads,en:bee-products,en:farming-products,en:sweeteners,en:honeys",en:fr,en:france,unknown,2,1728034744,,,,,,0.0,,,0.0,Miel,2024-10-04T09:39:04.000Z,,,,"[\"en:breakfasts\",\"en:spreads\",\"en:sweet-spreads\",\"en:bee-products\",\"en:farming-products\",\"en:sweeteners\",\"en:honeys\"]","[\"breakfasts\",\"spreads\",\"sweet-spreads\",\"bee-products\",\"farming-products\",\"sweeteners\",\"honeys\"]",breakfasts,"[\"en:france\"]","[\"france\"]",france,2024-10-04,1,0,1,0.2857142857142857,
490.0,Sun chips original,sun chips,"snacks, all, fr:chips, shake, meal-replacement","en:snacks,en:salty-snacks,en:appetizers,en:chips-and-fries,en:meals,en:crisps,en:meal-replacements,en:all,en:shake",en:united states,en:united-states,not-applicable,,1742418717,16.6666666666667,70.0,,,3.33333333333333,,0.277777777777778,,,Sun chips original,2025-03-19T21:11:57.000Z,"[\"sun chips\"]","[\"sun chips\"]",sun chips,"[\"en:snacks\",\"en:salty-snacks\",\"en:appetizers\",\"en:chips-and-fries\",\"en:meals\",\"en:crisps\",\"en:meal-replacements\",\"en:all\",\"en:shake\"]","[\"snacks\",\"salty-snacks\",\"appetizers\",\"chips-and-fries\",\"meals\",\"crisps\",\"meal-replacements\",\"all\",\"shake\"]",snacks,"[\"en:united-states\"]","[\"united-states\"]",united-states,2025-03-19,1,1,3,0.7142857142857143,
496.0,,,,,,,unknown,,1728038564,,,,,,,,,,,2024-10-04T10:42:44.000Z,,,,,,,,,,2024-10-04,0,0,0,0.0,
497.0,Financier au thé vert,,,,en:fr,en:france,unknown,,1682413147,,,,,,,,,,Financier au thé vert,2023-04-25T08:59:07.000Z,,,,,,,"[\"en:france\"]","[\"france\"]",france,2023-04-25,1,0,0,0.14285714285714285,
510.0,Love,powermeals,,,en:ireland,en:ireland,unknown,,1728035738,127.714285714286,534.0,9.14285714285714,6.28571428571429,3.71428571428571,,2.0,,,Love,2024-10-04T09:55:38.000Z,"[\"powermeals\"]","[\"powermeals\"]",powermeals,,,,"[\"en:ireland\"]","[\"ireland\"]",ireland,2024-10-04,1,1,4,0.8571428571428571,
530.0,Poulet tandoori,powermeals,,,en:ireland,en:ireland,unknown,,1728035761,183.142857142857,766.0,9.02857153756278,2.60000010899135,0.514285700661795,,24.3714294433594,0.0571428579943521,,Poulet tandoori,2024-10-04T09:56:01.000Z,"[\"powermeals\"]","[\"powermeals\"]",powermeals,,,,"[\"en:ireland\"]","[\"ireland\"]",ireland,2024-10-04,1,1,4,0.8571428571428571,
600.0,Crema di nocciola al Gianduia,,,,en:it,en:italy,unknown,,1728034750,504.0,,29.6,2.2,49.3,3.2,10.5,3.6,1.28,Crema di nocciola al Gianduia,2024-10-04T09:39:10.000Z,,,,,,,"[\"en:italy\"]","[\"italy\"]",italy,2024-10-04,1,0,5,0.8571428571428571,
682.0,,,,,en:united kingdom,en:united-kingdom,unknown,,1728039004,,,,,,,,,,,2024-10-04T10:50:04.000Z,,,,,,,"[\"en:united-kingdom\"]","[\"united-kingdom\"]",united-kingdom,2024-10-04,0,0,0,0.0,
704.0,Creme de Cassis de Dijon Massenez,likör,"getränke und getränkezubereitungen, getränke","en:beverages-and-beverages-preparations,en:beverages",en:germany,en:germany,unknown,,1736859661,,,,,,,,,,Creme de Cassis de Dijon Massenez,2025-01-14T13:01:01.000Z,"[\"likör\"]","[\"likör\"]",likör,"[\"en:beverages-and-beverages-preparations\",\"en:beverages\"]","[\"beverages-and-beverages-preparations\",\"beverages\"]",beverages-and-beverages-preparations,"[\"en:germany\"]","[\"germany\"]",germany,2025-01-14,1,1,0,0.2857142857142857,
766.0,Thrive Plant Protein - Chocolate Swirl,naked harvest,"beverages, alcoholic beverages, wines","en:beverages,en:alcoholic-beverages,en:wines",australia,en:australia,not-applicable,3,1728040049,45.0,,3.6,1.4,1.0,0.86,60.0,0.0,0.344,Thrive Plant Protein - Chocolate Swirl,2024-10-04T11:07:29.000Z,"[\"naked harvest\"]","[\"naked harvest\"]",naked harvest,"[\"en:beverages\",\"en:alcoholic-beverages\",\"en:wines\"]","[\"beverages\",\"alcoholic-beverages\",\"wines\"]",beverages,"[\"en:australia\"]","[\"australia\"]",australia,2024-10-04,1,1,5,1.0,
779.0,Fyta chocolate plant protein,fyta,,,en:ireland,en:ireland,unknown,,1728040444,355.555555555556,,4.44444444444444,,,,66.6666666666667,6.66666666666667,,Fyta chocolate plant protein,2024-10-04T11:14:04.000Z,"[\"fyta\"]","[\"fyta\"]",fyta,,,,"[\"en:ireland\"]","[\"ireland\"]",ireland,2024-10-04,1,1,3,0.7142857142857143,
792.0,,,,,en:germany,en:germany,unknown,,1728040510,,,,,,,,,,,2024-10-04T11:15:10.000Z,,,,,,,"[\"en:germany\"]","[\"germany\"]",germany,2024-10-04,0,0,0,0.0,
804.0,Martini Riserva Rubino,vermouth,"getränke und getränkezubereitungen, getränke","en:beverages-and-beverages-preparations,en:beverages",en:germany,en:germany,unknown,,1736860124,,,,,,,,,,Martini Riserva Rubino,2025-01-14T13:08:44.000Z,"[\"vermouth\"]","[\"vermouth\"]",vermouth,"[\"en:beverages-and-beverages-preparations\",\"en:beverages\"]","[\"beverages-and-beverages-preparations\",\"beverages\"]",beverages-and-beverages-preparations,"[\"en:germany\"]","[\"germany\"]",germany,2025-01-14,1,1,0,0.2857142857142857,
808.0,Menthe poivrée,aroma zone,,,france,en:france,unknown,,1728036033,,,,,,,,,,Menthe poivrée,2024-10-04T10:00:33.000Z,"[\"aroma zone\"]","[\"aroma zone\"]",aroma zone,,,,"[\"en:france\"]","[\"france\"]",france,2024-10-04,1,1,0,0.2857142857142857,
844.0,Confiture de lait de brebis bio,confiture de lait,"petit-déjeuners, produits à tartiner, produits à tartiner sucrés, confitures de lait","en:breakfasts,en:spreads,en:sweet-spreads,en:milk-jams",en:fr,en:france,e,,1728036063,332.0,,9.6,6.8,48.0,0.26,8.8,,0.104,Confiture de lait de brebis bio,2024-10-04T10:01:03.000Z,"[\"confiture de lait\"]","[\"confiture de lait\"]",confiture de lait,"[\"en:breakfasts\",\"en:spreads\",\"en:sweet-spreads\",\"en:milk-jams\"]","[\"breakfasts\",\"spreads\",\"sweet-spreads\",\"milk-jams\"]",breakfasts,"[\"en:france\"]","[\"france\"]",france,2024-10-04,1,1,5,1.0,
999.0,Paprika rot,,en:sweet-peppers,"en:plant-based-foods-and-beverages,en:plant-based-foods,en:fruits-and-vegetables-based-foods,en:vegetable-based-foods-and-beverages,en:vegetables-based-foods,en:vegetables,en:sweet-peppers",en:germany,en:germany,unknown,,1750185531,,,,,,,,,,Paprika rot,2025-06-17T18:38:51.000Z,,,,"[\"en:plant-based-foods-and-beverages\",\"en:plant-based-foods\",\"en:fruits-and-vegetables-based-foods\",\"en:vegetable-based-foods-and-beverages\",\"en:vegetables-based-foods\",\"en:vegetables\",\"en:sweet-peppers\"]","[\"plant-based-foods-and-beverages\",\"plant-based-foods\",\"fruits-and-vegetables-based-foods\",\"vegetable-based-foods-and-beverages\",\"vegetables-based-foods\",\"vegetables\",\"sweet-peppers\"]",plant-based-foods-and-beverages,"[\"en:germany\"]","[\"germany\"]",germany,2025-06-17,1,0,0,0.14285714285714285,
1006.0,Organic Molasses,"buffalo molasses, eigenproduktion",,,"ireland, germany, world","en:germany,en:ireland,en:world",unknown,,1728358938,351.25,,8.3,1.11,18.17,0.0,6.78,,0.0,Organic Molasses,2024-10-08T03:42:18.000Z,"[\"buffalo molasses\",\"eigenproduktion\"]","[\"buffalo molasses\",\"eigenproduktion\"]",buffalo molasses,,,,"[\"en:germany\",\"en:ireland\",\"en:world\"]","[\"germany\",\"ireland\",\"world\"]",germany,2024-10-08,1,1,5,1.0,
1008.0,Mamma Mia  American BBQ,gymqueen,,,en:ireland,en:ireland,unknown,,1728034960,31.0,130.0,0.5,0.100000001490116,2.20000004768372,,0.5,,,Mamma Mia  American BBQ,2024-10-04T09:42:40.000Z,"[\"gymqueen\"]","[\"gymqueen\"]",gymqueen,,,,"[\"en:ireland\"]","[\"ireland\"]",ireland,2024-10-04,1,1,4,0.8571428571428571,
1029.0,Ferrero Rocher,fitpiggy,,,en:the netherlands,en:netherlands,unknown,,1749821876,380.0,,21.0,,,,17.0,,,Ferrero Rocher,2025-06-13T13:37:56.000Z,"[\"fitpiggy\"]","[\"fitpiggy\"]",fitpiggy,,,,"[\"en:netherlands\"]","[\"netherlands\"]",netherlands,2025-06-13,1,1,3,0.7142857142857143,
1045.0,BIO GOLD-LEINSAMEN Geschrotet,goman as,,,en:germany,en:germany,unknown,,1733460012,,,,,,,,,,BIO GOLD-LEINSAMEN Geschrotet,2024-12-06T04:40:12.000Z,"[\"goman as\"]","[\"goman as\"]",goman as,,,,"[\"en:germany\"]","[\"germany\"]",germany,2024-12-06,1,1,0,0.2857142857142857,
1053.0,Miel de Garrigues,,,,en:be,en:belgium,unknown,,1572598164,,,,,,,,,,Miel de Garrigues,2019-11-01T08:49:24.000Z,,,,,,,"[\"en:belgium\"]","[\"belgium\"]",belgium,2019-11-01,1,0,0,0.14285714285714285,
1063.0,Bromelain Intenso,top fruits,nahrungsergänzungsmittel,en:dietary-supplements,en:germany,en:germany,not-applicable,4,1728034972,,,,,,,,,,Bromelain Intenso,2024-10-04T09:42:52.000Z,"[\"top fruits\"]","[\"top fruits\"]",top fruits,"[\"en:dietary-supplements\"]","[\"dietary-supplements\"]",dietary-supplements,"[\"en:germany\"]","[\"germany\"]",germany,2024-10-04,1,1,0,0.2857142857142857,
1064.0,DHA Xtra 1660 Omega-3,nordic naturals,,,en:ireland,en:ireland,unknown,,1728034972,20.0,84.0,2.0,,,,,,,DHA Xtra 1660 Omega-3,2024-10-04T09:42:52.000Z,"[\"nordic naturals\"]","[\"nordic naturals\"]",nordic naturals,,,,"[\"en:ireland\"]","[\"ireland\"]",ireland,2024-10-04,1,1,2,0.5714285714285714,
1071.0,Thé Oolong Violette,goman as,,,en:fr,en:france,unknown,,1740125602,360.0,,21.0,3.2,16.0,1.5725,6.6,0.9,0.629,Thé Oolong Violette,2025-02-21T08:13:22.000Z,"[\"goman as\"]","[\"goman as\"]",goman as,,,,"[\"en:france\"]","[\"france\"]",france,2025-02-21,1,1,5,1.0,
1094.0,Organic Cracked Peas,scratch and peck feeds,,,"us, world","en:united-states,en:world",unknown,,1728358947,306.0,1280.0,14.1,6.1,17.3,0.5,17.7,14.2,0.2,Organic Cracked Peas,2024-10-08T03:42:27.000Z,"[\"scratch and peck feeds\"]","[\"scratch and peck feeds\"]",scratch and peck feeds,,,,"[\"en:united-states\",\"en:world\"]","[\"united-states\",\"world\"]",united-states,2024-10-08,1,1,5,1.0,
1108.0,Caramel nutty crunch,,,,us,en:united-states,unknown,,1728041777,314.8,,15.8,6.0,16.3,0.5,18.3,14.4,0.2,Caramel nutty crunch,2024-10-04T11:36:17.000Z,,,,,,,"[\"en:united-states\"]","[\"united-states\"]",united-states,2024-10-04,1,0,5,0.8571428571428571,
1113.0,Pâté de sanglier supérieur truffé à 4 %,,"plant-based foods and beverages, plant-based foods, spreads, nuts and their products, plant-based spreads, oilseed purees, nut butters, almond butters","en:plant-based-foods-and-beverages,en:plant-based-foods,en:spreads,en:nuts-and-their-products,en:plant-based-spreads,en:oilseed-purees,en:nut-butters,en:almond-butters",en:us,en:united-states,unknown,,1684697928,656.25,,53.125,4.6875,6.25,,21.875,,,Pâté de sanglier supérieur truffé à 4 %,2023-05-21T19:38:48.000Z,,,,"[\"en:plant-based-foods-and-beverages\",\"en:plant-based-foods\",\"en:spreads\",\"en:nuts-and-their-products\",\"en:plant-based-spreads\",\"en:oilseed-purees\",\"en:nut-butters\",\"en:almond-butters\"]","[\"plant-based-foods-and-beverages\",\"plant-based-foods\",\"spreads\",\"nuts-and-their-products\",\"plant-based-spreads\",\"oilseed-purees\",\"nut-butters\",\"almond-butters\"]",plant-based-foods-and-beverages,"[\"en:united-states\"]","[\"united-states\"]",united-states,2023-05-21,1,0,4,0.7142857142857143,
1124.0,Confiture de Grenade aux fruits secs Rihana,,"snacks, snacks sucrés, biscuits et gâteaux, biscuits, biscuits sablés, galettes bretonnes au beurre","en:snacks,en:sweet-snacks,en:biscuits-and-cakes,en:biscuits,en:shortbread-cookies,en:shortbread-cookies-from-brittany",en:fr,en:france,unknown,,1750342575,,,,,,,,,,Confiture de Grenade aux fruits secs Rihana,2025-06-19T14:16:15.000Z,,,,"[\"en:snacks\",\"en:sweet-snacks\",\"en:biscuits-and-cakes\",\"en:biscuits\",\"en:shortbread-cookies\",\"en:shortbread-cookies-from-brittany\"]","[\"snacks\",\"sweet-snacks\",\"biscuits-and-cakes\",\"biscuits\",\"shortbread-cookies\",\"shortbread-cookies-from-brittany\"]",snacks,"[\"en:france\"]","[\"france\"]",france,2025-06-19,1,0,0,0.14285714285714285,
1135.0,Kupfer Spurenelement - Pro Fuel - Pro Fuel - Pro Fuel - Pro Fuel - Pro Fuel - Pro Fuel,,,,en:ireland,en:ireland,unknown,,1762948272,,,,,,,,,,Kupfer Spurenelement - Pro Fuel - Pro Fuel - Pro Fuel - Pro Fuel - Pro Fuel - Pro Fuel,2025-11-12T11:51:12.000Z,,,,,,,"[\"en:ireland\"]","[\"ireland\"]",ireland,2025-11-12,1,0,0,0.14285714285714285,
1137.0,Baguette parisien,,,,france,en:france,unknown,,1729242054,222.0,929.0,3.3,2.1,1.8,0.678,11.7,,0.2712,Baguette parisien,2024-10-18T09:00:54.000Z,,,,,,,"[\"en:france\"]","[\"france\"]",france,2024-10-18,1,0,5,0.8571428571428571,
1171.0,Formula 1 healthy meal,herbalife,"boissons,produits laitiers,conserves,plats préparés,boissons lactées,laits aromatisés,compléments alimentaires,milkshakes","en:beverages-and-beverages-preparations,en:beverages,en:dairies,en:canned-foods,en:meals,en:dairy-drinks,en:flavoured-milks,en:dietary-supplements,en:milkshakes","france,états-unis","en:france,en:united-states",not-applicable,4,1746537135,380.0,,11.0,1.8,13.0,1.3,40.0,20.0,0.52,Formula 1 healthy meal,2025-05-06T13:12:15.000Z,"[\"herbalife\"]","[\"herbalife\"]",herbalife,"[\"en:beverages-and-beverages-preparations\",\"en:beverages\",\"en:dairies\",\"en:canned-foods\",\"en:meals\",\"en:dairy-drinks\",\"en:flavoured-milks\",\"en:dietary-supplements\",\"en:milkshakes\"]","[\"beverages-and-beverages-preparations\",\"beverages\",\"dairies\",\"canned-foods\",\"meals\",\"dairy-drinks\",\"flavoured-milks\",\"dietary-supplements\",\"milkshakes\"]",beverages-and-beverages-preparations,"[\"en:france\",\"en:united-states\"]","[\"france\",\"united-states\"]",france,2025-05-06,1,1,5,1.0,
1185.0,L-Ornithin Pulver,bonemis,,,en:germany,en:germany,unknown,,1747221834,,,,,,,,,,L-Ornithin Pulver,2025-05-14T11:23:54.000Z,"[\"bonemis\"]","[\"bonemis\"]",bonemis,,,,"[\"en:germany\"]","[\"germany\"]",germany,2025-05-14,1,1,0,0.2857142857142857,
1198.0,,,,,en:czechia,en:czech-republic,,,1767895261,,,,,,,,,,,2026-01-08T18:01:01.000Z,,,,,,,"[\"en:czech-republic\"]","[\"czech-republic\"]",czech-republic,2026-01-08,0,0,0,0.0,
1203.0,,,lotion,en:lotion,en:united states,en:united-states,unknown,,1728042210,,,,,,,,,,,2024-10-04T11:43:30.000Z,,,,"[\"en:lotion\"]","[\"lotion\"]",lotion,"[\"en:united-states\"]","[\"united-states\"]",united-states,2024-10-04,0,0,0,0.0,
1240.0,Coop Croissant med Sjokolade 85g,"goman as, lackmann",,,"vereinigtes königreich, germany","en:germany,en:united-kingdom",unknown,4,1744644471,,,,,,,,,,Coop Croissant med Sjokolade 85g,2025-04-14T15:27:51.000Z,"[\"goman as\",\"lackmann\"]","[\"goman as\",\"lackmann\"]",goman as,,,,"[\"en:germany\",\"en:united-kingdom\"]","[\"germany\",\"united-kingdom\"]",germany,2025-04-14,1,1,0,0.2857142857142857,
1243.0,Formula 1 fresa,,suplementos dietéticos,en:dietary-supplements,españa,en:spain,not-applicable,,1741461434,,,,,,,,,,Formula 1 fresa,2025-03-08T19:17:14.000Z,,,,"[\"en:dietary-supplements\"]","[\"dietary-supplements\"]",dietary-supplements,"[\"en:spain\"]","[\"spain\"]",spain,2025-03-08,1,0,0,0.14285714285714285,
1246.0,Organic Fresh Young Chicken Drumsticks,foster poultry farms,,,world,en:world,unknown,,1728358950,,,,,,,,,,Organic Fresh Young Chicken Drumsticks,2024-10-08T03:42:30.000Z,"[\"foster poultry farms\"]","[\"foster poultry farms\"]",foster poultry farms,,,,"[\"en:world\"]","[\"world\"]",world,2024-10-08,1,1,0,0.2857142857142857,
1247.0,Protein,aldi,,,en:ireland,en:ireland,unknown,,1764395013,376.0,,7.2,1.6,29.6,,36.0,12.0,492.0,Protein,2025-11-29T05:43:33.000Z,"[\"aldi\"]","[\"aldi\"]",aldi,,,,"[\"en:ireland\"]","[\"ireland\"]",ireland,2025-11-29,1,1,4,0.8571428571428571,
1255.0,Ham and american on bun,,,,en:ireland,en:ireland,unknown,,1734371637,206.349206349206,863.0,7.14285714285714,,,,12.6984126984127,0.793650793650794,,Ham and american on bun,2024-12-16T17:53:57.000Z,,,,,,,"[\"en:ireland\"]","[\"ireland\"]",ireland,2024-12-16,1,0,3,0.5714285714285714,
1327.0,Organic Potato Starch,anthony’s,,,en:ireland,en:ireland,unknown,,1728035031,333.333333333333,,,,,,,8.33333333333333,,Organic Potato Starch,2024-10-04T09:43:51.000Z,"[\"anthony’s\"]","[\"anthony’s\"]",anthony’s,,,,"[\"en:ireland\"]","[\"ireland\"]",ireland,2024-10-04,1,1,1,0.42857142857142855,
1337.0,Organic Corn Flour,great river organic milling,,,world,en:world,unknown,,1728358935,,,,,,,,,,Organic Corn Flour,2024-10-08T03:42:15.000Z,"[\"great river organic milling\"]","[\"great river organic milling\"]",great river organic milling,,,,"[\"en:world\"]","[\"world\"]",world,2024-10-08,1,1,0,0.2857142857142857,
1414.0,Ggggggggg,gggg,snacks,en:snacks,en:united-states,en:united-states,unknown,,1761566359,,,,,,,,,,Ggggggggg,2025-10-27T11:59:19.000Z,"[\"gggg\"]","[\"gggg\"]",gggg,"[\"en:snacks\"]","[\"snacks\"]",snacks,"[\"en:united-states\"]","[\"united-states\"]",united-states,2025-10-27,1,1,0,0.2857142857142857,
1426.0,Protein Drink Mix,herbalife,"meals, dietary supplements, bodybuilding supplements, protein powders","en:meals,en:dietary-supplements,en:bodybuilding-supplements,en:protein-powders","france,espagne","en:france,en:spain",not-applicable,,1728042824,110.0,460.0,3.0,0.0,1.0,0.889,15.0,1.0,0.3556,Protein Drink Mix,2024-10-04T11:53:44.000Z,"[\"herbalife\"]","[\"herbalife\"]",herbalife,"[\"en:meals\",\"en:dietary-supplements\",\"en:bodybuilding-supplements\",\"en:protein-powders\"]","[\"meals\",\"dietary-supplements\",\"bodybuilding-supplements\",\"protein-powders\"]",meals,"[\"en:france\",\"en:spain\"]","[\"france\",\"spain\"]",france,2024-10-04,1,1,5,1.0,
1479.0,1000 MG Vitamin C,nutravita,,,en:italy,en:italy,unknown,,1728035061,,,,,,,,,,1000 MG Vitamin C,2024-10-04T09:44:21.000Z,"[\"nutravita\"]","[\"nutravita\"]",nutravita,,,,"[\"en:italy\"]","[\"italy\"]",italy,2024-10-04,1,1,0,0.2857142857142857,
1518.0,Confiture artisanale de Raphaël,,,,en:be,en:belgium,unknown,,1727970349,224.0,937.0,0.1,0.0,55.0,0.0,0.4,,0.0,Confiture artisanale de Raphaël,2024-10-03T15:45:49.000Z,,,,,,,"[\"en:belgium\"]","[\"belgium\"]",belgium,2024-10-03,1,0,5,0.8571428571428571,
1580.0,Meal Shake,wonderslim,,,en:ireland,en:ireland,unknown,,1728035079,100.0,418.0,1.5,0.5,3.0,,15.0,,,Meal Shake,2024-10-04T09:44:39.000Z,"[\"wonderslim\"]","[\"wonderslim\"]",wonderslim,,,,"[\"en:ireland\"]","[\"ireland\"]",ireland,2024-10-04,1,1,4,0.8571428571428571,
1607.0,Frühlingsrollen,dash,,,"frankreich, en:de","en:france,en:germany",unknown,4,1750338240,1.0,4.0,0.0,0.0,0.0,0.0025,0.0,,0.001,Frühlingsrollen,2025-06-19T13:04:00.000Z,"[\"dash\"]","[\"dash\"]",dash,,,,"[\"en:france\",\"en:germany\"]","[\"france\",\"germany\"]",france,2025-06-19,1,1,5,1.0,
1638.0,Amande amère,,,,en:fr,en:france,unknown,,1728036947,,,,,,,,,,Amande amère,2024-10-04T10:15:47.000Z,,,,,,,"[\"en:france\"]","[\"france\"]",france,2024-10-04,1,0,0,0.14285714285714285,
1656.0,Bulk,,,,en:ireland,en:ireland,unknown,,1728035098,117.0,490.0,1.0,1.0,,,27.0,,,Bulk,2024-10-04T09:44:58.000Z,,,,,,,"[\"en:ireland\"]","[\"ireland\"]",ireland,2024-10-04,1,0,3,0.5714285714285714,
1721.0,Protein drink mix-vegan,herbalife,,,en:ireland,en:ireland,unknown,,1728043587,389.285714285714,,9.28571394511632,1.07142861400332,0.714285724929401,,53.5714285714286,3.21428562913622,,Protein drink mix-vegan,2024-10-04T12:06:27.000Z,"[\"herbalife\"]","[\"herbalife\"]",herbalife,,,,"[\"en:ireland\"]","[\"ireland\"]",ireland,2024-10-04,1,1,4,0.8571428571428571,
1737.0,Vitamin D3+K2 Tropfen,vitamaze,"nahrungsergänzungsmittel, vitamine","en:dietary-supplements,en:vitamins",en:germany,en:germany,not-applicable,3,1728035116,,,,,,,,,,Vitamin D3+K2 Tropfen,2024-10-04T09:45:16.000Z,"[\"vitamaze\"]","[\"vitamaze\"]",vitamaze,"[\"en:dietary-supplements\",\"en:vitamins\"]","[\"dietary-supplements\",\"vitamins\"]",dietary-supplements,"[\"en:germany\"]","[\"germany\"]",germany,2024-10-04,1,1,0,0.2857142857142857,
1745.0,Fraises Lyophilisées,koro,,,en:ireland,en:ireland,unknown,,1728035118,323.0,,3.79999995231628,0.400000005960464,53.0,,7.90000009536743,20.0,,Fraises Lyophilisées,2024-10-04T09:45:18.000Z,"[\"koro\"]","[\"koro\"]",koro,,,,"[\"en:ireland\"]","[\"ireland\"]",ireland,2024-10-04,1,1,4,0.8571428571428571,
1753.0,Pudding chia mangue coco,,,,en:fr,en:france,unknown,,1662324554,,,,,,,,,,Pudding chia mangue coco,2022-09-04T20:49:14.000Z,,,,,,,"[\"en:france\"]","[\"france\"]",france,2022-09-04,1,0,0,0.14285714285714285,
1779.0,Pâté de chevreuil,,,,france,en:france,unknown,,1520425308,462.0,,56.0,0.0,1.0,4.0,20.0,,1.6,Pâté de chevreuil,2018-03-07T12:21:48.000Z,,,,,,,"[\"en:france\"]","[\"france\"]",france,2018-03-07,1,0,5,0.8571428571428571,
1791.0,,,,,,,unknown,,1728035127,,,,,,,,,,,2024-10-04T09:45:27.000Z,,,,,,,,,,2024-10-04,0,0,0,0.0,
1801.0,Shakeology peppermint mocha,,,,en:ireland,en:ireland,unknown,,1728037056,400.0,,7.5,1.25,20.0,,40.0,15.0,,Shakeology peppermint mocha,2024-10-04T10:17:36.000Z,,,,,,,"[\"en:ireland\"]","[\"ireland\"]",ireland,2024-10-04,1,0,4,0.7142857142857143,
1817.0,,,,,en:united kingdom,en:united-kingdom,,,1728035138,,,,,,,,,,,2024-10-04T09:45:38.000Z,,,,,,,"[\"en:united-kingdom\"]","[\"united-kingdom\"]",united-kingdom,2024-10-04,0,0,0,0.0,
1902.0,COCO by Angela,,,,en:es,en:spain,unknown,,1640504208,186.0,778.0,16.9,15.8,2.8,,2.3,,,COCO by Angela,2021-12-26T07:36:48.000Z,,,,,,,"[\"en:spain\"]","[\"spain\"]",spain,2021-12-26,1,0,4,0.7142857142857143,
1922.0,Boisson nutritionnelle vanille creme,herbalife,compléments alimentaires,en:dietary-supplements,"francia,spagna","en:france,en:spain",not-applicable,,1742131694,,,,,,,,,,Boisson nutritionnelle vanille creme,2025-03-16T13:28:14.000Z,"[\"herbalife\"]","[\"herbalife\"]",herbalife,"[\"en:dietary-supplements\"]","[\"dietary-supplements\"]",dietary-supplements,"[\"en:france\",\"en:spain\"]","[\"france\",\"spain\"]",france,2025-03-16,1,1,0,0.2857142857142857,
1940.0,Salsa dried chickeneats,,,,en:ireland,en:ireland,unknown,,1728044184,60.0,251.0,,,,,11.0,1.0,,Salsa dried chickeneats,2024-10-04T12:16:24.000Z,,,,,,,"[\"en:ireland\"]","[\"ireland\"]",ireland,2024-10-04,1,0,2,0.42857142857142855,
1945.0,Crema spalmabile gianduia,,,,"france, en:nl","en:france,en:netherlands",unknown,,1728037117,,,,,,,,,,Crema spalmabile gianduia,2024-10-04T10:18:37.000Z,,,,,,,"[\"en:france\",\"en:netherlands\"]","[\"france\",\"netherlands\"]",france,2024-10-04,1,0,0,0.14285714285714285,
1963.0,Gourmet Pumpernickel,mestemacher,,,en:germany,en:germany,unknown,,1728035166,,,,,,,,,,Gourmet Pumpernickel,2024-10-04T09:46:06.000Z,"[\"mestemacher\"]","[\"mestemacher\"]",mestemacher,,,,"[\"en:germany\"]","[\"germany\"]",germany,2024-10-04,1,1,0,0.2857142857142857,
1984.0,dalmatinska buđola bonkulović kg,,,,en:croatia,en:croatia,unknown,,1767600661,,,,,,,,,,dalmatinska buđola bonkulović kg,2026-01-05T08:11:01.000Z,,,,,,,"[\"en:croatia\"]","[\"croatia\"]",croatia,2026-01-05,1,0,0,0.14285714285714285,
2006.0,جنات النخيل,,,,en:morocco,en:morocco,unknown,,1728044494,,,,,,,,,,جنات النخيل,2024-10-04T12:21:34.000Z,,,,,,,"[\"en:morocco\"]","[\"morocco\"]",morocco,2024-10-04,1,0,0,0.14285714285714285,
2101.0,Shakeology,shakeology,supplement,en:supplement,,,d,1,1728037265,410.2564,,6.4102564,1.2820513,17.948719,1.8589744,41.025642,15.384616,0.74358976,Shakeology,2024-10-04T10:21:05.000Z,"[\"shakeology\"]","[\"shakeology\"]",shakeology,"[\"en:supplement\"]","[\"supplement\"]",supplement,,,,2024-10-04,1,1,5,1.0,
2127.0,Nadalin,,,,en:it,en:italy,unknown,,1639601133,424.0,,29.0,10.0,10.0,0.1,0.1,0.0,0.04,Nadalin,2021-12-15T20:45:33.000Z,,,,,,,"[\"en:italy\"]","[\"italy\"]",italy,2021-12-15,1,0,5,0.8571428571428571,
2130.0,Tacchino tonnato,powermeals,,,en:ireland,en:ireland,unknown,,1728037274,221.0,925.0,17.3999996185303,2.0,1.79999995231628,,9.39999961853027,2.0,,Tacchino tonnato,2024-10-04T10:21:14.000Z,"[\"powermeals\"]","[\"powermeals\"]",powermeals,,,,"[\"en:ireland\"]","[\"ireland\"]",ireland,2024-10-04,1,1,4,0.8571428571428571,
2171.0,Organic Vegan Protein Shake Mix,earth chimp,protein powders,"en:dietary-supplements,en:bodybuilding-supplements,en:protein-powders",en:ireland,en:ireland,not-applicable,4,1728035234,120.0,502.0,2.0,0.0,0.003,0.6,20.0,5.0,0.24,Organic Vegan Protein Shake Mix,2024-10-04T09:47:14.000Z,"[\"earth chimp\"]","[\"earth chimp\"]",earth chimp,"[\"en:dietary-supplements\",\"en:bodybuilding-supplements\",\"en:protein-powders\"]","[\"dietary-supplements\",\"bodybuilding-supplements\",\"protein-powders\"]",dietary-supplements,"[\"en:ireland\"]","[\"ireland\"]",ireland,2024-10-04,1,1,5,1.0,
2185.0,Mélange pour produits  de boulangerie proteine - Herbalife,,,,en:ireland,en:ireland,unknown,,1728046184,100.0,418.0,2.5,1.0,2.0,,15.0,2.0,,Mélange pour produits  de boulangerie proteine - Herbalife,2024-10-04T12:49:44.000Z,,,,,,,"[\"en:ireland\"]","[\"ireland\"]",ireland,2024-10-04,1,0,4,0.7142857142857143,
2206.0,Hackfleisch,gut und günstig,,,en:germany,en:germany,unknown,,1740135231,2.0,8.0,0.1,0.1,0.2,0.01,0.2,,0.004,Hackfleisch,2025-02-21T10:53:51.000Z,"[\"gut und günstig\"]","[\"gut und günstig\"]",gut und günstig,,,,"[\"en:germany\"]","[\"germany\"]",germany,2025-02-21,1,1,5,1.0,
2260.0,schweinebauch mit knoublach,lackman,,,en:germany,en:germany,unknown,,1728138629,,,,,,,,,,schweinebauch mit knoublach,2024-10-05T14:30:29.000Z,"[\"lackman\"]","[\"lackman\"]",lackman,,,,"[\"en:germany\"]","[\"germany\"]",germany,2024-10-05,1,1,0,0.2857142857142857,
2275.0,,,,,en:france,en:france,unknown,,1728046447,,,,,,,,,,,2024-10-04T12:54:07.000Z,,,,,,,"[\"en:france\"]","[\"france\"]",france,2024-10-04,0,0,0,0.0,
2320.0,Swininka w Rassole,lackmann,,,en:germany,en:germany,unknown,,1741804645,,,,,,,,,,Swininka w Rassole,2025-03-12T18:37:25.000Z,"[\"lackmann\"]","[\"lackmann\"]",lackmann,,,,"[\"en:germany\"]","[\"germany\"]",germany,2025-03-12,1,1,0,0.2857142857142857,
2432.0,Thai yellow vegetable curry,lite n easy,,,en:ireland,en:ireland,unknown,,1728046827,107.297297297297,449.0,4.59459459459459,1.64864862287367,2.83783783783784,,4.51351371971337,2.54054043744061,,Thai yellow vegetable curry,2024-10-04T13:00:27.000Z,"[\"lite n easy\"]","[\"lite n easy\"]",lite n easy,,,,"[\"en:ireland\"]","[\"ireland\"]",ireland,2024-10-04,1,1,4,0.8571428571428571,
2539.0,Rice Crackers,shelly senbei,,,en:ireland,en:ireland,unknown,,1728035286,120.0,502.0,5.0,2.5,5.0,,1.0,,,Rice Crackers,2024-10-04T09:48:06.000Z,"[\"shelly senbei\"]","[\"shelly senbei\"]",shelly senbei,,,,"[\"en:ireland\"]","[\"ireland\"]",ireland,2024-10-04,1,1,4,0.8571428571428571,
2558.0,Schinkenwurst,meier,,,en:germany,en:germany,unknown,,1728047195,,,,,,,,,,Schinkenwurst,2024-10-04T13:06:35.000Z,"[\"meier\"]","[\"meier\"]",meier,,,,"[\"en:germany\"]","[\"germany\"]",germany,2024-10-04,1,1,0,0.2857142857142857,
2650.0,Speck gesalzen Sibirskoje,lackmann,,,"united states, germany","en:germany,en:united-states",unknown,,1741804760,,,,,,,,,,Speck gesalzen Sibirskoje,2025-03-12T18:39:20.000Z,"[\"lackmann\"]","[\"lackmann\"]",lackmann,,,,"[\"en:germany\",\"en:united-states\"]","[\"germany\",\"united-states\"]",germany,2025-03-12,1,1,0,0.2857142857142857,
2654.0,Budena 64,,,,en:romania,en:romania,unknown,,1728047806,,,,,,,,,,Budena 64,2024-10-04T13:16:46.000Z,,,,,,,"[\"en:romania\"]","[\"romania\"]",romania,2024-10-04,1,0,0,0.14285714285714285,
2872.0,,,,,en:algeria,en:algeria,unknown,,1728035336,,,,,,,,,,,2024-10-04T09:48:56.000Z,,,,,,,"[\"en:algeria\"]","[\"algeria\"]",algeria,2024-10-04,0,0,0,0.0,
2923.0,Nutrí ricas carb watch,guerrero,,,en:ireland,en:ireland,unknown,,1728048533,60.0,251.0,2.5,1.0,,,4.0,9.0,,Nutrí ricas carb watch,2024-10-04T13:28:53.000Z,"[\"guerrero\"]","[\"guerrero\"]",guerrero,,,,"[\"en:ireland\"]","[\"ireland\"]",ireland,2024-10-04,1,1,3,0.7142857142857143,
3000.0,spirulina,belixz,en:spirulina,"en:dietary-supplements,en:spirulina",en:singapore,en:singapore,not-applicable,,1768657916,,,,,,,,,,spirulina,2026-01-17T13:51:56.000Z,"[\"belixz\"]","[\"belixz\"]",belixz,"[\"en:dietary-supplements\",\"en:spirulina\"]","[\"dietary-supplements\",\"spirulina\"]",dietary-supplements,"[\"en:singapore\"]","[\"singapore\"]",singapore,2026-01-17,1,1,0,0.2857142857142857,
3003.0,,trost mühle,,,"ireland, germany","en:germany,en:ireland",unknown,,1728037751,,,,,,,,,,,2024-10-04T10:29:11.000Z,"[\"trost mühle\"]","[\"trost mühle\"]",trost mühle,,,,"[\"en:germany\",\"en:ireland\"]","[\"germany\",\"ireland\"]",germany,2024-10-04,0,1,0,0.14285714285714285,
3011.0,,,,,en:morocco,en:morocco,unknown,,1730626151,,,,,,,,,,,2024-11-03T09:29:11.000Z,,,,,,,"[\"en:morocco\"]","[\"morocco\"]",morocco,2024-11-03,0,0,0,0.0,
3018.0,Salade tomate,,,,france,en:france,unknown,,1729242054,18.0,75.0,0.2,0.1,2.1,5.0,0.9,,2.0,Salade tomate,2024-10-18T09:00:54.000Z,,,,,,,"[\"en:france\"]","[\"france\"]",france,2024-10-18,1,0,5,0.8571428571428571,
3030.0,Keema de bœuf,powermeals,,,en:ireland,en:ireland,unknown,,1728037761,139.0,582.0,10.375,2.47499990463257,2.27500009536743,,6.92500019073486,1.72500002384186,,Keema de bœuf,2024-10-04T10:29:21.000Z,"[\"powermeals\"]","[\"powermeals\"]",powermeals,,,,"[\"en:ireland\"]","[\"ireland\"]",ireland,2024-10-04,1,1,4,0.8571428571428571,
3034.0,,,,,en:united states,en:united-states,unknown,,1728035382,,,,,,,,,,,2024-10-04T09:49:42.000Z,,,,,,,"[\"en:united-states\"]","[\"united-states\"]",united-states,2024-10-04,0,0,0,0.0,
3040.0,ningxia young living oils,plum,,,en:united states,en:united-states,unknown,4,1728048880,,,,,,,,,,ningxia young living oils,2024-10-04T13:34:40.000Z,"[\"plum\"]","[\"plum\"]",plum,,,,"[\"en:united-states\"]","[\"united-states\"]",united-states,2024-10-04,1,1,0,0.2857142857142857,
3053.0,Infuso erbe al limone gr 50,herbalife,"bevande, bevande istantanee","en:beverages,en:instant-beverages","francia,spagna","en:france,en:spain",unknown,4,1728048896,,,,,,,,,,Infuso erbe al limone gr 50,2024-10-04T13:34:56.000Z,"[\"herbalife\"]","[\"herbalife\"]",herbalife,"[\"en:beverages\",\"en:instant-beverages\"]","[\"beverages\",\"instant-beverages\"]",beverages,"[\"en:france\",\"en:spain\"]","[\"france\",\"spain\"]",france,2024-10-04,1,1,0,0.2857142857142857,
3127.0,Pomegranate,,"plant-based foods and beverages, plant-based foods, fruits and vegetables based foods, fruits based foods, fruits, pomegranates","en:plant-based-foods-and-beverages,en:plant-based-foods,en:fruits-and-vegetables-based-foods,en:fruits-based-foods,en:fruits,en:pomegranates",canada,en:canada,unknown,1,1728049048,,,,,,,,,,Pomegranate,2024-10-04T13:37:28.000Z,,,,"[\"en:plant-based-foods-and-beverages\",\"en:plant-based-foods\",\"en:fruits-and-vegetables-based-foods\",\"en:fruits-based-foods\",\"en:fruits\",\"en:pomegranates\"]","[\"plant-based-foods-and-beverages\",\"plant-based-foods\",\"fruits-and-vegetables-based-foods\",\"fruits-based-foods\",\"fruits\",\"pomegranates\"]",plant-based-foods-and-beverages,"[\"en:canada\"]","[\"canada\"]",canada,2024-10-04,1,0,0,0.14285714285714285,
3130.0,Schweinebauch Korejka is Petschi,lackmann,,,en:germany,en:germany,unknown,,1756366776,,,,,,,,,,Schweinebauch Korejka is Petschi,2025-08-28T07:39:36.000Z,"[\"lackmann\"]","[\"lackmann\"]",lackmann,,,,"[\"en:germany\"]","[\"germany\"]",germany,2025-08-28,1,1,0,0.2857142857142857,
3138.0,Healthy meal,herbalife nutrition,,,francia,en:france,unknown,,1728049057,346.153846153846,,1.15384619969588,,8.84615366275494,,34.6153846153846,3.0769231227728,,Healthy meal,2024-10-04T13:37:37.000Z,"[\"herbalife nutrition\"]","[\"herbalife nutrition\"]",herbalife nutrition,,,,"[\"en:france\"]","[\"france\"]",france,2024-10-04,1,1,4,0.8571428571428571,
3150.0,Niteworks,herbalife,doplněk stravy,en:dietary-supplements,"france,spain","en:france,en:spain",not-applicable,4,1728049072,0.0,0.0,0.0,0.0,,,,,,Niteworks,2024-10-04T13:37:52.000Z,"[\"herbalife\"]","[\"herbalife\"]",herbalife,"[\"en:dietary-supplements\"]","[\"dietary-supplements\"]",dietary-supplements,"[\"en:france\",\"en:spain\"]","[\"france\",\"spain\"]",france,2024-10-04,1,1,2,0.5714285714285714,
3215.0,Soupe carotte thym,,,,en:ireland,en:ireland,unknown,,1728035408,15.7399997711182,66.0,0.129999995231628,0.0199999995529652,2.73000001907349,,0.310000002384186,1.37000000476837,,Soupe carotte thym,2024-10-04T09:50:08.000Z,,,,,,,"[\"en:ireland\"]","[\"ireland\"]",ireland,2024-10-04,1,0,4,0.7142857142857143,
3260.0,Box of Forelle Pears,räucherware,"plant-based foods and beverages, plant-based foods, fruits and vegetables based foods, fruits based foods, fruits, fresh fruits, pears, fresh pears","en:plant-based-foods-and-beverages,en:plant-based-foods,en:fruits-and-vegetables-based-foods,en:fruits-based-foods,en:fruits,en:fresh-fruits,en:pears,en:fresh-pears","kanada, vereinigte staaten von amerika, germany","en:canada,en:germany,en:united-states",unknown,,1728049449,,,,,,,,,,Box of Forelle Pears,2024-10-04T13:44:09.000Z,"[\"räucherware\"]","[\"räucherware\"]",räucherware,"[\"en:plant-based-foods-and-beverages\",\"en:plant-based-foods\",\"en:fruits-and-vegetables-based-foods\",\"en:fruits-based-foods\",\"en:fruits\",\"en:fresh-fruits\",\"en:pears\",\"en:fresh-pears\"]","[\"plant-based-foods-and-beverages\",\"plant-based-foods\",\"fruits-and-vegetables-based-foods\",\"fruits-based-foods\",\"fruits\",\"fresh-fruits\",\"pears\",\"fresh-pears\"]",plant-based-foods-and-beverages,"[\"en:canada\",\"en:germany\",\"en:united-states\"]","[\"canada\",\"germany\",\"united-states\"]",canada,2024-10-04,1,1,0,0.2857142857142857,
3303.0,Mayonnaise Amora,,,,"états-unis, en:fr","en:france,en:united-states",unknown,,1728037882,,,,,,,,,,Mayonnaise Amora,2024-10-04T10:31:22.000Z,,,,,,,"[\"en:france\",\"en:united-states\"]","[\"france\",\"united-states\"]",france,2024-10-04,1,0,0,0.14285714285714285,
3321.0,,,,,en:republic of lithuania,en:lithuania,unknown,,1728049608,,,,,,,,,,,2024-10-04T13:46:48.000Z,,,,,,,"[\"en:lithuania\"]","[\"lithuania\"]",lithuania,2024-10-04,0,0,0,0.0,
3529.0,,,,,en:united states,en:united-states,unknown,,1728035453,,,,,,,,,,,2024-10-04T09:50:53.000Z,,,,,,,"[\"en:united-states\"]","[\"united-states\"]",united-states,2024-10-04,0,0,0,0.0,
3779.0,Ginger Nuts Biscuit,,,,en:gb,en:united-kingdom,unknown,,1728034819,457.0,,16.5,7.8,28.9,0.94,5.8,2.3,0.376,Ginger Nuts Biscuit,2024-10-04T09:40:19.000Z,,,,,,,"[\"en:united-kingdom\"]","[\"united-kingdom\"]",united-kingdom,2024-10-04,1,0,5,0.8571428571428571,
3956.0,Lightly dusted cod,tesco,,,en:ireland,en:ireland,unknown,,1728050804,158.771929824561,664.0,6.14035087719298,0.964912301615665,0.526315810387595,,14.4736842105263,0.701754396421867,,Lightly dusted cod,2024-10-04T14:06:44.000Z,"[\"tesco\"]","[\"tesco\"]",tesco,,,,"[\"en:ireland\"]","[\"ireland\"]",ireland,2024-10-04,1,1,4,0.8571428571428571,
3969.0,Barra de proteínas,,,,en:ireland,en:ireland,unknown,,1728555185,366.666666666667,,6.66666666666667,3.66666666666667,4.66666666666667,0.25,30.0,7.66666666666667,0.1,Barra de proteínas,2024-10-10T10:13:05.000Z,,,,,,,"[\"en:ireland\"]","[\"ireland\"]",ireland,2024-10-10,1,0,5,0.8571428571428571,
4033.0,Flan vanille,bama dagligvare as,,,france,en:france,unknown,,1733360364,,,,,,,,,,Flan vanille,2024-12-05T00:59:24.000Z,"[\"bama dagligvare as\"]","[\"bama dagligvare as\"]",bama dagligvare as,,,,"[\"en:france\"]","[\"france\"]",france,2024-12-05,1,1,0,0.2857142857142857,
4053.0,Miel du Queyras,trader joes,"breakfasts, spreads, sweet spreads, bee products, farming products, sweeteners, honeys","en:breakfasts,en:spreads,en:sweet-spreads,en:bee-products,en:farming-products,en:sweeteners,en:honeys",en:canada,en:canada,b,2,1757878553,182.0,761.0,9.09,0.649,,1.59,26.0,,0.636,Miel du Queyras,2025-09-14T19:35:53.000Z,"[\"trader joes\"]","[\"trader joes\"]",trader joes,"[\"en:breakfasts\",\"en:spreads\",\"en:sweet-spreads\",\"en:bee-products\",\"en:farming-products\",\"en:sweeteners\",\"en:honeys\"]","[\"breakfasts\",\"spreads\",\"sweet-spreads\",\"bee-products\",\"farming-products\",\"sweeteners\",\"honeys\"]",breakfasts,"[\"en:canada\"]","[\"canada\"]",canada,2025-09-14,1,1,4,0.8571428571428571,
4066.0,Green Beans,,"plant-based foods and beverages, plant-based foods, legumes and their products, fruits and vegetables based foods, legumes, vegetables based foods, fresh foods, fresh plant-based foods, green beans, fresh legumes, fresh vegetables, fresh green beans","en:plant-based-foods-and-beverages,en:plant-based-foods,en:fruits-and-vegetables-based-foods,en:legumes-and-their-products,en:legumes,en:vegetables-based-foods,en:vegetables,en:fresh-foods,en:fresh-plant-based-foods,en:green-beans,en:fresh-legumes,en:fresh-vegetables,en:fresh-green-beans","en:canada,en:united states","en:canada,en:united-states",unknown,1,1728051255,36.0,150.0,0.0,,,,2.0,,,Green Beans,2024-10-04T14:14:15.000Z,,,,"[\"en:plant-based-foods-and-beverages\",\"en:plant-based-foods\",\"en:fruits-and-vegetables-based-foods\",\"en:legumes-and-their-products\",\"en:legumes\",\"en:vegetables-based-foods\",\"en:vegetables\",\"en:fresh-foods\",\"en:fresh-plant-based-foods\",\"en:green-beans\",\"en:fresh-legumes\",\"en:fresh-vegetables\",\"en:fresh-green-beans\"]","[\"plant-based-foods-and-beverages\",\"plant-based-foods\",\"fruits-and-vegetables-based-foods\",\"legumes-and-their-products\",\"legumes\",\"vegetables-based-foods\",\"vegetables\",\"fresh-foods\",\"fresh-plant-based-foods\",\"green-beans\",\"fresh-legumes\",\"fresh-vegetables\",\"fresh-green-beans\"]",plant-based-foods-and-beverages,"[\"en:canada\",\"en:united-states\"]","[\"canada\",\"united-states\"]",canada,2024-10-04,1,0,3,0.5714285714285714,
4079.0,Cauliflower,,"plant-based foods and beverages, plant-based foods, fruits and vegetables based foods, vegetables based foods, leaf vegetables, cauliflowers, fresh cauliflowers","en:plant-based-foods-and-beverages,en:plant-based-foods,en:fruits-and-vegetables-based-foods,en:vegetables-based-foods,en:vegetables,en:leaf-vegetables,en:cauliflowers,en:fresh-cauliflowers","canada,united states","en:canada,en:united-states",a,1,1728051276,,,,,,,,,,Cauliflower,2024-10-04T14:14:36.000Z,,,,"[\"en:plant-based-foods-and-beverages\",\"en:plant-based-foods\",\"en:fruits-and-vegetables-based-foods\",\"en:vegetables-based-foods\",\"en:vegetables\",\"en:leaf-vegetables\",\"en:cauliflowers\",\"en:fresh-cauliflowers\"]","[\"plant-based-foods-and-beverages\",\"plant-based-foods\",\"fruits-and-vegetables-based-foods\",\"vegetables-based-foods\",\"vegetables\",\"leaf-vegetables\",\"cauliflowers\",\"fresh-cauliflowers\"]",plant-based-foods-and-beverages,"[\"en:canada\",\"en:united-states\"]","[\"canada\",\"united-states\"]",canada,2024-10-04,1,0,0,0.14285714285714285,
4083.0,White Potato,,"plant-based foods and beverages, plant-based foods, cereals and potatoes, potatoes, fresh-potatoes","en:plant-based-foods-and-beverages,en:plant-based-foods,en:cereals-and-potatoes,en:potatoes,en:fresh-potatoes","en:canada,en:united states","en:canada,en:united-states",unknown,,1728051292,,,,,,,,,,White Potato,2024-10-04T14:14:52.000Z,,,,"[\"en:plant-based-foods-and-beverages\",\"en:plant-based-foods\",\"en:cereals-and-potatoes\",\"en:potatoes\",\"en:fresh-potatoes\"]","[\"plant-based-foods-and-beverages\",\"plant-based-foods\",\"cereals-and-potatoes\",\"potatoes\",\"fresh-potatoes\"]",plant-based-foods-and-beverages,"[\"en:canada\",\"en:united-states\"]","[\"canada\",\"united-states\"]",canada,2024-10-04,1,0,0,0.14285714285714285,
4084.0,Whey,lifeplus,,,de,en:germany,unknown,,1728027884,376.0,,1.79999995231628,,,,80.0,,,Whey,2024-10-04T07:44:44.000Z,"[\"lifeplus\"]","[\"lifeplus\"]",lifeplus,,,,"[\"en:germany\"]","[\"germany\"]",germany,2024-10-04,1,1,3,0.7142857142857143,
4091.0,Søtpotet stykk,bama dagligvare as,,,norge,en:norway,unknown,,1755101456,80.0,339.0,0.1,0.0,0.0,0.1,1.6,3.0,0.04,Søtpotet stykk,2025-08-13T16:10:56.000Z,"[\"bama dagligvare as\"]","[\"bama dagligvare as\"]",bama dagligvare as,,,,"[\"en:norway\"]","[\"norway\"]",norway,2025-08-13,1,1,5,1.0,
4132.0,Gala Apple,gala,"plant-based foods and beverages, plant-based foods, fruits and vegetables based foods, fruits based foods, fruits, apples, sweet apples, gala apples","en:plant-based-foods-and-beverages,en:plant-based-foods,en:fruits-and-vegetables-based-foods,en:fruits-based-foods,en:fruits,en:apples,en:sweet-apples,en:gala-apples",en:romania,en:romania,unknown,,1728051550,,,,,,,,,,Gala Apple,2024-10-04T14:19:10.000Z,"[\"gala\"]","[\"gala\"]",gala,"[\"en:plant-based-foods-and-beverages\",\"en:plant-based-foods\",\"en:fruits-and-vegetables-based-foods\",\"en:fruits-based-foods\",\"en:fruits\",\"en:apples\",\"en:sweet-apples\",\"en:gala-apples\"]","[\"plant-based-foods-and-beverages\",\"plant-based-foods\",\"fruits-and-vegetables-based-foods\",\"fruits-based-foods\",\"fruits\",\"apples\",\"sweet-apples\",\"gala-apples\"]",plant-based-foods-and-beverages,"[\"en:romania\"]","[\"romania\"]",romania,2024-10-04,1,1,0,0.2857142857142857,
4135.0,Gala Apple,,"plant-based foods and beverages, plant-based foods, fruits and vegetables based foods, fruits based foods, fruits, apples, sweet apples, gala apples","en:plant-based-foods-and-beverages,en:plant-based-foods,en:fruits-and-vegetables-based-foods,en:fruits-based-foods,en:fruits,en:apples,en:sweet-apples,en:gala-apples","en:canada,en:united-states","en:canada,en:united-states",c,1,1768224868,50.7,212.0,0.0,0.0,10.1,2.5,0.29,2.17,1.0,Gala Apple,2026-01-12T13:34:28.000Z,,,,"[\"en:plant-based-foods-and-beverages\",\"en:plant-based-foods\",\"en:fruits-and-vegetables-based-foods\",\"en:fruits-based-foods\",\"en:fruits\",\"en:apples\",\"en:sweet-apples\",\"en:gala-apples\"]","[\"plant-based-foods-and-beverages\",\"plant-based-foods\",\"fruits-and-vegetables-based-foods\",\"fruits-based-foods\",\"fruits\",\"apples\",\"sweet-apples\",\"gala-apples\"]",plant-based-foods-and-beverages,"[\"en:canada\",\"en:united-states\"]","[\"canada\",\"united-states\"]",canada,2026-01-12,1,0,5,0.8571428571428571,
4205.0,Epler Norske,bama dagligvare as,,,en:norway,en:norway,unknown,,1733439349,,,,,,,,,,Epler Norske,2024-12-05T22:55:49.000Z,"[\"bama dagligvare as\"]","[\"bama dagligvare as\"]",bama dagligvare as,,,,"[\"en:norway\"]","[\"norway\"]",norway,2024-12-05,1,1,0,0.2857142857142857,
4228.0,Impact Whey Isolate,my protein,,,en:ireland,en:ireland,unknown,,1728035567,321.428571428571,,,,7.14285714285714,,71.4285714285714,,,Impact Whey Isolate,2024-10-04T09:52:47.000Z,"[\"my protein\"]","[\"my protein\"]",my protein,,,,"[\"en:ireland\"]","[\"ireland\"]",ireland,2024-10-04,1,1,3,0.7142857142857143,
4292.0,Barre protéine Herbalife,herbalife,,,de,en:germany,unknown,,1728051962,139.0,582.0,4.0,1.79999995231628,11.0,,10.0,0.400000005960464,,Barre protéine Herbalife,2024-10-04T14:26:02.000Z,"[\"herbalife\"]","[\"herbalife\"]",herbalife,,,,"[\"en:germany\"]","[\"germany\"]",germany,2024-10-04,1,1,4,0.8571428571428571,
4303.0,Crunchy super snack,the only bean,,,en:ireland,en:ireland,unknown,,1728035581,117.0,490.0,6.0,,,,11.0,4.0,,Crunchy super snack,2024-10-04T09:53:01.000Z,"[\"the only bean\"]","[\"the only bean\"]",the only bean,,,,"[\"en:ireland\"]","[\"ireland\"]",ireland,2024-10-04,1,1,3,0.7142857142857143,
4401.0,,,,,en:united states,en:united-states,unknown,,1728052093,,,,,,,,,,,2024-10-04T14:28:13.000Z,,,,,,,"[\"en:united-states\"]","[\"united-states\"]",united-states,2024-10-04,0,0,0,0.0,
4567.0,Popcon,,,,,,unknown,,1728052280,,,,,,,,,,Popcon,2024-10-04T14:31:20.000Z,,,,,,,,,,2024-10-04,1,0,0,0.14285714285714285,
4586.0,32% CBD sur huile de Chanvre BIO,aroma zone,"aliments et boissons à base de végétaux,aliments d'origine végétale,matières grasses,matières grasses végétales,huiles,huiles de chanvre","en:plant-based-foods-and-beverages,en:plant-based-foods,en:fats,en:vegetable-fats,en:vegetable-oils,en:hemp-oils",france,en:france,unknown,,1728038335,,,,,,,,,,32% CBD sur huile de Chanvre BIO,2024-10-04T10:38:55.000Z,"[\"aroma zone\"]","[\"aroma zone\"]",aroma zone,"[\"en:plant-based-foods-and-beverages\",\"en:plant-based-foods\",\"en:fats\",\"en:vegetable-fats\",\"en:vegetable-oils\",\"en:hemp-oils\"]","[\"plant-based-foods-and-beverages\",\"plant-based-foods\",\"fats\",\"vegetable-fats\",\"vegetable-oils\",\"hemp-oils\"]",plant-based-foods-and-beverages,"[\"en:france\"]","[\"france\"]",france,2024-10-04,1,1,0,0.2857142857142857,
4656.0,,,,,en:france,en:france,unknown,,1728052356,,,,,,,,,,,2024-10-04T14:32:36.000Z,,,,,,,"[\"en:france\"]","[\"france\"]",france,2024-10-04,0,0,0,0.0,
4682.0,Bacardi,bacardi,,,en:us,en:united-states,unknown,,1728034834,,,,,,,,,,Bacardi,2024-10-04T09:40:34.000Z,"[\"bacardi\"]","[\"bacardi\"]",bacardi,,,,"[\"en:united-states\"]","[\"united-states\"]",united-states,2024-10-04,1,1,0,0.2857142857142857,
4683.0,Bagna Caoda,san cassiano,,,en:germany,en:germany,unknown,,1760105149,,,,,,,,,,Bagna Caoda,2025-10-10T14:05:49.000Z,"[\"san cassiano\"]","[\"san cassiano\"]",san cassiano,,,,"[\"en:germany\"]","[\"germany\"]",germany,2025-10-10,1,1,0,0.2857142857142857,
4747.0,Kålrot stykk,bama dagligvare as,"plant-based foods and beverages, plant-based foods, fruits and vegetables based foods, vegetables based foods, turnip, rutabaga","en:plant-based-foods-and-beverages,en:plant-based-foods,en:fruits-and-vegetables-based-foods,en:vegetables-based-foods,en:vegetables,en:turnip,en:rutabaga","en:canada,en:united states","en:canada,en:united-states",a,1,1733360204,,,,,,,,,,Kålrot stykk,2024-12-05T00:56:44.000Z,"[\"bama dagligvare as\"]","[\"bama dagligvare as\"]",bama dagligvare as,"[\"en:plant-based-foods-and-beverages\",\"en:plant-based-foods\",\"en:fruits-and-vegetables-based-foods\",\"en:vegetables-based-foods\",\"en:vegetables\",\"en:turnip\",\"en:rutabaga\"]","[\"plant-based-foods-and-beverages\",\"plant-based-foods\",\"fruits-and-vegetables-based-foods\",\"vegetables-based-foods\",\"vegetables\",\"turnip\",\"rutabaga\"]",plant-based-foods-and-beverages,"[\"en:canada\",\"en:united-states\"]","[\"canada\",\"united-states\"]",canada,2024-12-05,1,1,0,0.2857142857142857,
4785.0,,,,,en:france,en:france,unknown,,1745087300,,,,,,,,,,,2025-04-19T18:28:20.000Z,,,,,,,"[\"en:france\"]","[\"france\"]",france,2025-04-19,0,0,0,0.0,
4800.0,Bratwurst Thüringer,fiber one,,,en:germany,en:germany,unknown,4,1745332970,280.0,1170.0,10.0,4.0,8.0,,8.0,24.0,360.0,Bratwurst Thüringer,2025-04-22T14:42:50.000Z,"[\"fiber one\"]","[\"fiber one\"]",fiber one,,,,"[\"en:germany\"]","[\"germany\"]",germany,2025-04-22,1,1,4,0.8571428571428571,
4831.0,Red Hothouse Tomato,,"plant-based foods and beverages, plant-based foods, fruits and vegetables based foods, vegetables based foods, fresh foods, fresh plant-based foods, tomatoes and their products, fresh vegetables, tomatoes, fresh tomatoes","en:plant-based-foods-and-beverages,en:plant-based-foods,en:fruits-and-vegetables-based-foods,en:vegetables-based-foods,en:vegetables,en:fresh-foods,en:fresh-plant-based-foods,en:tomatoes-and-their-products,en:fresh-vegetables,en:tomatoes,en:fresh-tomatoes","en:canada,en:united states","en:canada,en:united-states",unknown,,1728052491,,,,,,,,,,Red Hothouse Tomato,2024-10-04T14:34:51.000Z,,,,"[\"en:plant-based-foods-and-beverages\",\"en:plant-based-foods\",\"en:fruits-and-vegetables-based-foods\",\"en:vegetables-based-foods\",\"en:vegetables\",\"en:fresh-foods\",\"en:fresh-plant-based-foods\",\"en:tomatoes-and-their-products\",\"en:fresh-vegetables\",\"en:tomatoes\",\"en:fresh-tomatoes\"]","[\"plant-based-foods-and-beverages\",\"plant-based-foods\",\"fruits-and-vegetables-based-foods\",\"vegetables-based-foods\",\"vegetables\",\"fresh-foods\",\"fresh-plant-based-foods\",\"tomatoes-and-their-products\",\"fresh-vegetables\",\"tomatoes\",\"fresh-tomatoes\"]",plant-based-foods-and-beverages,"[\"en:canada\",\"en:united-states\"]","[\"canada\",\"united-states\"]",canada,2024-10-04,1,0,0,0.14285714285714285,
5001.0,Organic tomato pulp,kazidomi,"aliments et boissons à base de végétaux, aliments d'origine végétale, aliments à base de fruits et de légumes, légumes et dérivés, tomates et dérivés, pulpes de tomates","en:plant-based-foods-and-beverages,en:plant-based-foods,en:fruits-and-vegetables-based-foods,en:vegetables-based-foods,en:tomatoes-and-their-products,en:tomato-pulps",france,en:france,a,1,1733336444,32.0,134.0,0.1,0.0,4.5,0.0,1.4,2.2,0.0,Organic tomato pulp,2024-12-04T18:20:44.000Z,"[\"kazidomi\"]","[\"kazidomi\"]",kazidomi,"[\"en:plant-based-foods-and-beverages\",\"en:plant-based-foods\",\"en:fruits-and-vegetables-based-foods\",\"en:vegetables-based-foods\",\"en:tomatoes-and-their-products\",\"en:tomato-pulps\"]","[\"plant-based-foods-and-beverages\",\"plant-based-foods\",\"fruits-and-vegetables-based-foods\",\"vegetables-based-foods\",\"tomatoes-and-their-products\",\"tomato-pulps\"]",plant-based-foods-and-beverages,"[\"en:france\"]","[\"france\"]",france,2024-12-04,1,1,5,1.0,
5005.0,Tomato sauce with eggplants,kazidomi,"condiments, sauces, tomato sauces, groceries, en:abondance","en:dairies,en:fermented-foods,en:fermented-milk-products,en:cheeses,en:condiments,en:sauces,en:french-cheeses,en:tomato-sauces,en:abondance,en:groceries",france,en:france,c,,1760635337,56.0,234.0,3.2,1.0,4.0,0.8,1.4,,0.32,Tomato sauce with eggplants,2025-10-16T17:22:17.000Z,"[\"kazidomi\"]","[\"kazidomi\"]",kazidomi,"[\"en:dairies\",\"en:fermented-foods\",\"en:fermented-milk-products\",\"en:cheeses\",\"en:condiments\",\"en:sauces\",\"en:french-cheeses\",\"en:tomato-sauces\",\"en:abondance\",\"en:groceries\"]","[\"dairies\",\"fermented-foods\",\"fermented-milk-products\",\"cheeses\",\"condiments\",\"sauces\",\"french-cheeses\",\"tomato-sauces\",\"abondance\",\"groceries\"]",dairies,"[\"en:france\"]","[\"france\"]",france,2025-10-16,1,1,5,1.0,
5011.0,Sauce tomate aux légumes bio,kazidomi,"condiments, sauces, sauces tomate, sauces aux légumes, en:groceries","en:condiments,en:sauces,en:meal-sauces,en:tomato-sauces,en:vegetable-sauces,en:groceries","belgium,france","en:belgium,en:france",a,3,1676548742,62.0,260.0,3.9,1.0,4.0,0.01,1.4,2.0,0.004,Sauce tomate aux légumes bio,2023-02-16T11:59:02.000Z,"[\"kazidomi\"]","[\"kazidomi\"]",kazidomi,"[\"en:condiments\",\"en:sauces\",\"en:meal-sauces\",\"en:tomato-sauces\",\"en:vegetable-sauces\",\"en:groceries\"]","[\"condiments\",\"sauces\",\"meal-sauces\",\"tomato-sauces\",\"vegetable-sauces\",\"groceries\"]",condiments,"[\"en:belgium\",\"en:france\"]","[\"belgium\",\"france\"]",belgium,2023-02-16,1,1,5,1.0,
5019.0,Organic walnut cream,kazidomi,,,france,en:france,unknown,,1728038589,700.0,,67.1,10.0,1.0,1.1,9.8,,0.44,Organic walnut cream,2024-10-04T10:43:09.000Z,"[\"kazidomi\"]","[\"kazidomi\"]",kazidomi,,,,"[\"en:france\"]","[\"france\"]",france,2024-10-04,1,1,5,1.0,
5075.0,,,,,en:france,en:france,unknown,,1758141985,,,,,,,,,,,2025-09-17T20:46:25.000Z,,,,,,,"[\"en:france\"]","[\"france\"]",france,2025-09-17,0,0,0,0.0,
5091.0,Frittura,,,,en:it,en:italy,unknown,,1728038600,,,,,,,,,,Frittura,2024-10-04T10:43:20.000Z,,,,,,,"[\"en:italy\"]","[\"italy\"]",italy,2024-10-04,1,0,0,0.14285714285714285,
5161.0,Pan multicereales,,,,en:spain,en:spain,unknown,,1730325893,,,,,,,,,,Pan multicereales,2024-10-30T22:04:53.000Z,,,,,,,"[\"en:spain\"]","[\"spain\"]",spain,2024-10-30,1,0,0,0.14285714285714285,
5241.0,Bagel,,"aliments et boissons à base de végétaux, aliments d'origine végétale, céréales et pommes de terre, pains, pains spéciaux, pains bagel","en:plant-based-foods-and-beverages,en:plant-based-foods,en:cereals-and-potatoes,en:breads,en:special-breads,en:bagel-breads",france,en:france,b,,1729242051,197.0,824.0,5.0,1.1,3.0,0.467,8.4,,0.1868,Bagel,2024-10-18T09:00:51.000Z,,,,"[\"en:plant-based-foods-and-beverages\",\"en:plant-based-foods\",\"en:cereals-and-potatoes\",\"en:breads\",\"en:special-breads\",\"en:bagel-breads\"]","[\"plant-based-foods-and-beverages\",\"plant-based-foods\",\"cereals-and-potatoes\",\"breads\",\"special-breads\",\"bagel-breads\"]",plant-based-foods-and-beverages,"[\"en:france\"]","[\"france\"]",france,2024-10-18,1,0,5,0.8571428571428571,
5295.0,Kürbis Chutney,,,,en:germany,en:germany,unknown,,1729449250,,,,,,,,,,Kürbis Chutney,2024-10-20T18:34:10.000Z,,,,,,,"[\"en:germany\"]","[\"germany\"]",germany,2024-10-20,1,0,0,0.14285714285714285,
5303.0,Delt Ananas,,,,en:norway,en:norway,unknown,,1733423981,,,,,,,,,,Delt Ananas,2024-12-05T18:39:41.000Z,,,,,,,"[\"en:norway\"]","[\"norway\"]",norway,2024-12-05,1,0,0,0.14285714285714285,
5315.0,Grano e quinoa,,,,en:it,en:italy,unknown,,1686135451,145.0,607.0,1.7,0.3,0.4,0.7,5.8,4.2,0.28,Grano e quinoa,2023-06-07T10:57:31.000Z,,,,,,,"[\"en:italy\"]","[\"italy\"]",italy,2023-06-07,1,0,5,0.8571428571428571,
5336.0,Tous mes amis,,,,en:fr,en:france,unknown,,1605381213,,,,0.0,,,,,,Tous mes amis,2020-11-14T19:13:33.000Z,,,,,,,"[\"en:france\"]","[\"france\"]",france,2020-11-14,1,0,0,0.14285714285714285,
5458.0,Soljanka Glas,,,,en:germany,en:germany,unknown,,1756835206,,,,,,,,,,Soljanka Glas,2025-09-02T17:46:46.000Z,,,,,,,"[\"en:germany\"]","[\"germany\"]",germany,2025-09-02,1,0,0,0.14285714285714285,
5481.0,,,,,en:belgium,en:belgium,unknown,,1728053326,,,,,,,,,,,2024-10-04T14:48:46.000Z,,,,,,,"[\"en:belgium\"]","[\"belgium\"]",belgium,2024-10-04,0,0,0,0.0,
5544.0,Marmellata di limoni,,,,en:it,en:italy,unknown,,1728038713,219.0,916.0,0.0,0.0,54.0,0.0,0.3,,0.0,Marmellata di limoni,2024-10-04T10:45:13.000Z,,,,,,,"[\"en:italy\"]","[\"italy\"]",italy,2024-10-04,1,0,5,0.8571428571428571,
6008.0,Miel,famille limon gaec,"petit-déjeuners, produits à tartiner, produits à tartiner sucrés, produits de la ruche, produits d'élevages, édulcorants, miels","en:breakfasts,en:spreads,en:sweet-spreads,en:bee-products,en:farming-products,en:sweeteners,en:honeys",en:france,en:france,unknown,2,1728054099,,,,,,,,,,Miel,2024-10-04T15:01:39.000Z,"[\"famille limon gaec\"]","[\"famille limon gaec\"]",famille limon gaec,"[\"en:breakfasts\",\"en:spreads\",\"en:sweet-spreads\",\"en:bee-products\",\"en:farming-products\",\"en:sweeteners\",\"en:honeys\"]","[\"breakfasts\",\"spreads\",\"sweet-spreads\",\"bee-products\",\"farming-products\",\"sweeteners\",\"honeys\"]",breakfasts,"[\"en:france\"]","[\"france\"]",france,2024-10-04,1,1,0,0.2857142857142857,
6068.0,Caja de kaak con leche,,,,en:spain,en:spain,unknown,,1730326382,,,,,,,,,,Caja de kaak con leche,2024-10-30T22:13:02.000Z,,,,,,,"[\"en:spain\"]","[\"spain\"]",spain,2024-10-30,1,0,0,0.14285714285714285,
6094.0,ھیل مطحون,,,,en:saudi arabia,en:saudi-arabia,unknown,,1728974815,,,,,,,,,,ھیل مطحون,2024-10-15T06:46:55.000Z,,,,,,,"[\"en:saudi-arabia\"]","[\"saudi-arabia\"]",saudi-arabia,2024-10-15,1,0,0,0.14285714285714285,
6214.0,,,,,en:brazil,en:brazil,,,1730077589,,,,,,,,,,,2024-10-28T01:06:29.000Z,,,,,,,"[\"en:brazil\"]","[\"brazil\"]",brazil,2024-10-28,0,0,0,0.0,
6277.0,,,,,en:france,en:france,unknown,,1750502708,,,,,,,,,,,2025-06-21T10:45:08.000Z,,,,,,,"[\"en:france\"]","[\"france\"]",france,2025-06-21,0,0,0,0.0,
6402.0,Griechischer Salat,niederwieser,,,en:ireland,en:ireland,unknown,,1728054817,139.0,582.0,12.0,3.90000009536743,3.09999990463257,,3.29999995231628,,,Griechischer Salat,2024-10-04T15:13:37.000Z,"[\"niederwieser\"]","[\"niederwieser\"]",niederwieser,,,,"[\"en:ireland\"]","[\"ireland\"]",ireland,2024-10-04,1,1,4,0.8571428571428571,
6437.0,Saint Hubert Oméga 3,saint hubert,,,fi,en:finland,unknown,,1728054857,470.0,,51.9999980926514,16.0000002384186,,,,,,Saint Hubert Oméga 3,2024-10-04T15:14:17.000Z,"[\"saint hubert\"]","[\"saint hubert\"]",saint hubert,,,,"[\"en:finland\"]","[\"finland\"]",finland,2024-10-04,1,1,2,0.5714285714285714,
6464.0,Яготинское 82.5%,,,,en:moldova,en:moldova,unknown,,1730910947,,,,,,,,,,Яготинское 82.5%,2024-11-06T16:35:47.000Z,,,,,,,"[\"en:moldova\"]","[\"moldova\"]",moldova,2024-11-06,1,0,0,0.14285714285714285,
6761.0,Oméga 3,st hubert,,,en:ireland,en:ireland,unknown,,1728055183,468.0,,52.0,16.0,1.0,,1.0,,,Oméga 3,2024-10-04T15:19:43.000Z,"[\"st hubert\"]","[\"st hubert\"]",st hubert,,,,"[\"en:ireland\"]","[\"ireland\"]",ireland,2024-10-04,1,1,4,0.8571428571428571,
7016.0,Madeleines au miel artisanal,,"snacks, snacks sucrés, biscuits et gâteaux, gâteaux, madeleines","en:snacks,en:sweet-snacks,en:biscuits-and-cakes,en:cakes,en:madeleines",en:fr,en:france,unknown,,1663183254,,,,,,,,,,Madeleines au miel artisanal,2022-09-14T19:20:54.000Z,,,,"[\"en:snacks\",\"en:sweet-snacks\",\"en:biscuits-and-cakes\",\"en:cakes\",\"en:madeleines\"]","[\"snacks\",\"sweet-snacks\",\"biscuits-and-cakes\",\"cakes\",\"madeleines\"]",snacks,"[\"en:france\"]","[\"france\"]",france,2022-09-14,1,0,0,0.14285714285714285,
7049.0,kool-aid,,,,en:french-guiana,en:french-guiana,unknown,,1728055625,,,,,,,,,,kool-aid,2024-10-04T15:27:05.000Z,,,,,,,"[\"en:french-guiana\"]","[\"french-guiana\"]",french-guiana,2024-10-04,1,0,0,0.14285714285714285,
7080.0,St Hubert oméga 3 doux sans huile de palme,st hubert,,,no,en:norway,unknown,,1728055689,185.0,774.0,5.0,1.5,,,,,,St Hubert oméga 3 doux sans huile de palme,2024-10-04T15:28:09.000Z,"[\"st hubert\"]","[\"st hubert\"]",st hubert,,,,"[\"en:norway\"]","[\"norway\"]",norway,2024-10-04,1,1,2,0.5714285714285714,
7195.0,Blanc de poulet halal,fleury michon,,,,,unknown,,1728055933,104.0,435.0,1.60000002384186,0.400000005960464,0.5,,22.0,,,Blanc de poulet halal,2024-10-04T15:32:13.000Z,"[\"fleury michon\"]","[\"fleury michon\"]",fleury michon,,,,,,,2024-10-04,1,1,4,0.8571428571428571,
7421.0,Beurre de cacahouète,nutrimuscle,,,hn,en:honduras,unknown,,1728056257,618.0,,50.4300003051758,,,,26.3999996185303,4.40000009536743,,Beurre de cacahouète,2024-10-04T15:37:37.000Z,"[\"nutrimuscle\"]","[\"nutrimuscle\"]",nutrimuscle,,,,"[\"en:honduras\"]","[\"honduras\"]",honduras,2024-10-04,1,1,3,0.7142857142857143,
7451.0,,,,,en:italy,en:italy,unknown,,1728035962,,,,,,,,,,,2024-10-04T09:59:22.000Z,,,,,,,"[\"en:italy\"]","[\"italy\"]",italy,2024-10-04,0,0,0,0.0,
7522.0,,,,,en:united-kingdom,en:united-kingdom,unknown,,1728056386,,,,,,,,,,,2024-10-04T15:39:46.000Z,,,,,,,"[\"en:united-kingdom\"]","[\"united-kingdom\"]",united-kingdom,2024-10-04,0,0,0,0.0,
7622.0,Haché de poulet,fleury michon,,,en:ireland,en:ireland,unknown,,1728056599,137.0,573.0,4.69999980926514,1.29999995231628,2.40000009536743,,19.0,2.29999995231628,,Haché de poulet,2024-10-04T15:43:19.000Z,"[\"fleury michon\"]","[\"fleury michon\"]",fleury michon,,,,"[\"en:ireland\"]","[\"ireland\"]",ireland,2024-10-04,1,1,4,0.8571428571428571,
7827.0,Serious Meat Pizza,papa john's salad & produce,,,united states,en:united-states,unknown,,1728056853,277.0,1159.0,13.86,5.94,1.98,1.83642,12.87,1.0,0.734568,Serious Meat Pizza,2024-10-04T15:47:33.000Z,"[\"papa john's salad & produce\"]","[\"papa john's salad & produce\"]",papa john's salad & produce,,,,"[\"en:united-states\"]","[\"united-states\"]",united-states,2024-10-04,1,1,5,1.0,
8065.0,Monster,,,,en:germany,en:germany,unknown,,1728057388,,,,,,,,,,Monster,2024-10-04T15:56:28.000Z,,,,,,,"[\"en:germany\"]","[\"germany\"]",germany,2024-10-04,1,0,0,0.14285714285714285,
8153.0,,,,,en:romania,en:romania,unknown,,1728034883,,,,,,,,,,,2024-10-04T09:41:23.000Z,,,,,,,"[\"en:romania\"]","[\"romania\"]",romania,2024-10-04,0,0,0,0.0,
8168.0,,,,,en:united states,en:united-states,unknown,,1728057635,42.0,176.0,,,8.0,,0.1,,,,2024-10-04T16:00:35.000Z,,,,,,,"[\"en:united-states\"]","[\"united-states\"]",united-states,2024-10-04,0,0,3,0.42857142857142855,
8204.0,,,,,france,en:france,unknown,,1729242046,,,,,,,,,,,2024-10-18T09:00:46.000Z,,,,,,,"[\"en:france\"]","[\"france\"]",france,2024-10-18,0,0,0,0.0,
8311.0,,,,,en:the netherlands,en:netherlands,unknown,4,1739351013,,1297.0,11.0,2.8,6.9,0.27,12.0,,0.108,,2025-02-12T09:03:33.000Z,,,,,,,"[\"en:netherlands\"]","[\"netherlands\"]",netherlands,2025-02-12,0,0,4,0.5714285714285714,
8414.0,,,,,en:united-states,en:united-states,unknown,4,1752349049,333.0,,0.0,0.0,61.1,0.0,0.0,5.56,0.0,,2025-07-12T19:37:29.000Z,,,,,,,"[\"en:united-states\"]","[\"united-states\"]",united-states,2025-07-12,0,0,5,0.7142857142857143,
8430.0,Poulet cajun,powermeals,,,en:ireland,en:ireland,unknown,,1728040655,185.0,774.0,6.09999990463257,0.899999976158142,0.5,0.500000007450581,31.1000003814697,0.300000011920929,0.200000002980232,Poulet cajun,2024-10-04T11:17:35.000Z,"[\"powermeals\"]","[\"powermeals\"]",powermeals,,,,"[\"en:ireland\"]","[\"ireland\"]",ireland,2024-10-04,1,1,5,1.0,
8692.0,,,,,en:united states,en:united-states,unknown,,1728058370,,,,,,,,,,,2024-10-04T16:12:50.000Z,,,,,,,"[\"en:united-states\"]","[\"united-states\"]",united-states,2024-10-04,0,0,0,0.0,
8724.0,,,,,en:united-states,en:united-states,unknown,,1761302816,,,,,,,,,,,2025-10-24T10:46:56.000Z,,,,,,,"[\"en:united-states\"]","[\"united-states\"]",united-states,2025-10-24,0,0,0,0.0,
8884.0,Farine Bio Sfeya,,,,en:france,en:france,unknown,,1748985061,,,,,,,,,,Farine Bio Sfeya,2025-06-03T21:11:01.000Z,,,,,,,"[\"en:france\"]","[\"france\"]",france,2025-06-03,1,0,0,0.14285714285714285,
9001.0,Naranjitos,,"botanas, snacks dulces, cacao y sus productos, dulces, dulces de chocolate, bombones, en:fruit confectioneries, frutas recubiertas de chocolate","en:snacks,en:sweet-snacks,en:cocoa-and-its-products,en:confectioneries,en:chocolate-candies,en:bonbons,en:fruit-confectioneries,en:chocolate-covered-fruits",españa,en:spain,e,,1728040807,412.0,,16.7,10.8,56.6,0.0,3.0,,0.0,Naranjitos,2024-10-04T11:20:07.000Z,,,,"[\"en:snacks\",\"en:sweet-snacks\",\"en:cocoa-and-its-products\",\"en:confectioneries\",\"en:chocolate-candies\",\"en:bonbons\",\"en:fruit-confectioneries\",\"en:chocolate-covered-fruits\"]","[\"snacks\",\"sweet-snacks\",\"cocoa-and-its-products\",\"confectioneries\",\"chocolate-candies\",\"bonbons\",\"fruit-confectioneries\",\"chocolate-covered-fruits\"]",snacks,"[\"en:spain\"]","[\"spain\"]",spain,2024-10-04,1,0,5,0.8571428571428571,
9222.0,Copos de avena,brüggen,"alimentos y bebidas de origen vegetal,alimentos de origen vegetal,desayunos,cereales y patatas,cereales y derivados,cereales para el desayuno,copos,copos de cereales,en:rolled flakes,copos de avena","en:plant-based-foods-and-beverages,en:plant-based-foods,en:breakfasts,en:cereals-and-potatoes,en:cereals-and-their-products,en:breakfast-cereals,en:flakes,en:cereal-flakes,en:rolled-flakes,en:rolled-oats",españa,en:spain,unknown,,1761313622,375.0,,7.0,1.3,0.7,,14.0,10.0,,Copos de avena,2025-10-24T13:47:02.000Z,"[\"brüggen\"]","[\"brüggen\"]",brüggen,"[\"en:plant-based-foods-and-beverages\",\"en:plant-based-foods\",\"en:breakfasts\",\"en:cereals-and-potatoes\",\"en:cereals-and-their-products\",\"en:breakfast-cereals\",\"en:flakes\",\"en:cereal-flakes\",\"en:rolled-flakes\",\"en:rolled-oats\"]","[\"plant-based-foods-and-beverages\",\"plant-based-foods\",\"breakfasts\",\"cereals-and-potatoes\",\"cereals-and-their-products\",\"breakfast-cereals\",\"flakes\",\"cereal-flakes\",\"rolled-flakes\",\"rolled-oats\"]",plant-based-foods-and-beverages,"[\"en:spain\"]","[\"spain\"]",spain,2025-10-24,1,1,4,0.8571428571428571,
9277.0,,knorr,,,en:french-guiana,en:french-guiana,unknown,,1728059068,,,,,,,,,,,2024-10-04T16:24:28.000Z,"[\"knorr\"]","[\"knorr\"]",knorr,,,,"[\"en:french-guiana\"]","[\"french-guiana\"]",french-guiana,2024-10-04,0,1,0,0.14285714285714285,
9409.0,,,sac poubelle,fr:sac-poubelle,en:france,en:france,unknown,,1764503908,,,,,,,,,,,2025-11-30T11:58:28.000Z,,,,"[\"fr:sac-poubelle\"]","[\"sac-poubelle\"]",sac-poubelle,"[\"en:france\"]","[\"france\"]",france,2025-11-30,0,0,0,0.0,
9597.0,Miel con arándanos,nature,"desayunos, untables, untables dulces, productos apícolas, productos agrícolas, endulzantes, mieles","en:breakfasts,en:spreads,en:sweet-spreads,en:bee-products,en:farming-products,en:sweeteners,en:honeys",en:argentina,en:argentina,unknown,,1728059393,,,0.0,,,0.0,0.0,0.0,0.0,Miel con arándanos,2024-10-04T16:29:53.000Z,"[\"nature\"]","[\"nature\"]",nature,"[\"en:breakfasts\",\"en:spreads\",\"en:sweet-spreads\",\"en:bee-products\",\"en:farming-products\",\"en:sweeteners\",\"en:honeys\"]","[\"breakfasts\",\"spreads\",\"sweet-spreads\",\"bee-products\",\"farming-products\",\"sweeteners\",\"honeys\"]",breakfasts,"[\"en:argentina\"]","[\"argentina\"]",argentina,2024-10-04,1,1,3,0.7142857142857143,
9898.0,,,,,en:french-guiana,en:french-guiana,unknown,,1727977867,,,,,,,,,,,2024-10-03T17:51:07.000Z,,,,,,,"[\"en:french-guiana\"]","[\"french-guiana\"]",french-guiana,2024-10-03,0,0,0,0.0,
